,LNCAPCLONEFGC_PROSTATE.DU145_PROSTATE,X22RV1_PROSTATE.DU145_PROSTATE,PC3_PROSTATE.DU145_PROSTATE,X22RV1_PROSTATE.LNCAPCLONEFGC_PROSTATE,PC3_PROSTATE.LNCAPCLONEFGC_PROSTATE,DU145_PROSTATE.MDAPCA2B_PROSTATE,LNCAPCLONEFGC_PROSTATE.MDAPCA2B_PROSTATE,X22RV1_PROSTATE.MDAPCA2B_PROSTATE,PC3_PROSTATE.MDAPCA2B_PROSTATE,VCAP_PROSTATE.NCIH660_PROSTATE,MDAPCA2B_PROSTATE.NCIH660_PROSTATE,DU145_PROSTATE.NCIH660_PROSTATE,LNCAPCLONEFGC_PROSTATE.NCIH660_PROSTATE,X22RV1_PROSTATE.NCIH660_PROSTATE,PC3_PROSTATE.NCIH660_PROSTATE,MDAPCA2B_PROSTATE.VCAP_PROSTATE,DU145_PROSTATE.VCAP_PROSTATE,LNCAPCLONEFGC_PROSTATE.VCAP_PROSTATE,X22RV1_PROSTATE.VCAP_PROSTATE,PC3_PROSTATE.VCAP_PROSTATE,PC3_PROSTATE.22RV1_PROSTATE
metabolite,Ratio,Ratio,Ratio,Ratio,Ratio,Ratio,Ratio,Ratio,Ratio,Ratio,Ratio,Ratio,Ratio,Ratio,Ratio,Ratio,Ratio,Ratio,Ratio,Ratio,Ratio
1-methylnicotinamide,0.795749202,0.572404052,0.791548463,0.719327208,0.994721026,1.530264313,1.217706606,0.875929493,1.211278365,1.438026775,1.195688163,1.829718925,1.455997375,1.047338526,1.448311203,0.831478373,1.272381681,1.012496707,0.728316429,1.007151764,1.382849162
2-aminoadipate,1.033937106,0.932002138,0.990992395,0.901410863,0.958464871,1.116410595,1.15429834,1.040497062,1.106354409,1.067041865,0.944492868,1.054441845,1.09022655,0.982742054,1.044943849,0.885150713,0.988191635,1.021727999,0.920996717,0.979290395,1.063294121
2-deoxyadenosine,1.007245643,1.168146838,1.160576657,1.159743749,1.152228024,0.91093561,0.917535924,1.064106552,1.057210604,1.018463241,1.00481214,0.915319159,0.921951235,1.069227182,1.06229805,0.986596374,0.898725769,0.905237615,1.049843666,1.043040149,0.993519495
2-deoxycytidine,1.447235373,1.401069573,1.120196515,0.968100697,0.774025108,0.728137448,1.053786271,1.020171223,0.815657032,0.950699984,0.993984037,0.723757,1.047446731,1.014033911,0.810750069,1.045528615,0.761288537,1.1017637,1.066618206,0.852792766,0.799529543
2-hydroxyglutarate,1.193820842,1.040000761,1.092058603,0.871153128,0.914759204,1.035899338,1.236678219,1.0773361,1.131262783,0.809051304,0.809974706,0.839052261,1.001678077,0.87261499,0.91629424,1.001141339,1.03708165,1.238089688,1.078565705,1.132553938,1.05005558
3-methyladipate/pimelate,0.945022896,0.963202647,0.940143545,1.019237366,0.994836791,1.062725614,1.004300038,1.023620125,0.999114627,0.98803459,0.947731548,1.007178591,0.951806829,0.970117085,0.946892452,0.959208875,1.019375841,0.96333351,0.981865509,0.958359618,0.976059968
3-phosphoglycerate,1.071894421,1.034435646,1.095582527,0.965053671,1.022099291,0.961882092,1.031036048,0.995005123,1.053821214,1.029413521,1.036020318,0.996529391,1.068174294,1.030845524,1.091780189,1.00641802,0.968055471,1.037653258,1.001391086,1.060584659,1.059111344
4-pyridoxate,0.889755525,0.938937922,0.91236673,1.055276304,1.02541283,1.015390511,0.903449317,0.953388656,0.926408521,1.101014428,1.054637699,1.070869112,0.952811709,1.005479618,0.97702535,0.957878182,0.972620417,0.865394389,0.913230193,0.88738651,0.971700801
5-adenosylhomocysteine,0.991756525,0.979179324,0.922829151,0.987318257,0.930499702,0.96389848,0.955952607,0.943829462,0.889513616,0.95439203,0.955322079,0.9208335,0.913242632,0.901661124,0.849771997,1.000974494,0.964837793,0.956884177,0.944749218,0.890380441,0.942451631
5-HIAA,0.93262497,0.969600904,1.015075136,1.039647163,1.088406561,1.017290259,0.948750297,0.986365555,1.032626049,1.035549541,1.07936071,1.098023136,1.024043794,1.064644225,1.114575985,1.042307169,1.06032893,0.988889236,1.028095888,1.076313533,1.046899949
6-phosphogluconate,1.029815649,0.905375766,0.92099982,0.879162952,0.894334653,0.995637949,1.02532354,0.901426471,0.916982372,1.192094467,1.033274298,1.028767102,1.059440461,0.931420803,0.947494316,0.866772161,0.862991257,0.888721901,0.78133137,0.794814792,1.017256983
acetylcarnitine,0.873188054,0.830190764,0.968942854,0.950758271,1.109661144,1.025659297,0.895593445,0.851492876,0.993805247,0.993773473,1.086408838,1.114285325,0.972980634,0.925069385,1.079678803,1.093215775,1.121266923,0.979076883,0.930865444,1.086443573,1.16713278
acetylcholine,0.948048615,0.693838382,0.767510261,0.731859497,0.809568464,0.981524457,0.930532902,0.681019341,0.753330092,0.987090327,1.079090008,1.059153234,1.004128757,0.734881166,0.812910975,1.0932029,1.073005383,1.017261267,0.744492319,0.823542641,1.106180172
acetylglycine,0.969734972,0.985096002,0.960076043,1.015840441,0.99003962,0.978828516,0.949204244,0.964240058,0.939749808,1.016708026,1.038636547,1.01664707,0.985878218,1.001494964,0.976058496,1.02156816,0.999940046,0.969676833,0.985036942,0.960018483,0.974601502
aconitate,1.17509674,1.044720782,1.114829996,0.889050873,0.948713377,0.890532083,1.046461348,0.930357374,0.992791879,1.056329738,1.10882674,0.987445787,1.160344324,1.031605134,1.100834183,1.049697552,0.934789348,1.098467915,0.976593858,1.042131205,1.067108088
adenine,1.091909038,1.024502992,1.075027392,0.93826771,0.984539329,0.872619407,0.952821017,0.894001194,0.938089766,0.889898734,0.885524542,0.772725901,0.843746395,0.791659998,0.83070151,0.995084618,0.868330149,0.948137538,0.889606836,0.933478696,1.04931601
adenosine,1.001478805,0.996321485,0.985023548,0.994850295,0.983569041,0.885783529,0.88709343,0.882525161,0.872517634,0.917967313,0.934115843,0.827424428,0.828648027,0.824380735,0.815032545,1.017591618,0.901365894,0.902698839,0.898050206,0.887866631,0.988660349
adipate,0.986611977,1.014128921,0.99455295,1.02789034,1.00804873,1.092332871,1.077708693,1.107766355,1.086382879,0.966272671,0.918460155,1.003264218,0.989832493,1.017439258,0.997799387,0.950518609,1.038282721,1.024382167,1.052952535,1.032627142,0.980696763
alanine,1.028381985,1.094363738,1.119341413,1.064160743,1.088449068,0.946806617,0.973678868,1.036150828,1.059799857,0.91278889,0.988193573,0.935628213,0.9621832,1.023917589,1.047287407,1.082609116,1.025021474,1.054113618,1.121746332,1.147348985,1.022823925
allantoin,0.988881952,1.001391113,1.013790728,1.012649802,1.025188826,1.107242591,1.094932216,1.108782891,1.122512272,1.027868656,1.037513097,1.148778691,1.136006514,1.150376772,1.164621185,1.009382952,1.117631795,1.105205912,1.119186547,1.133044751,1.012382389
alpha-glycerophosphate,1.124252281,1.015915992,0.974496832,0.90363703,0.866795512,1.031430045,1.159587581,1.047846277,1.005125311,0.803939025,0.889113406,0.91705828,1.031004863,0.931654173,0.893670389,1.10594632,1.140706263,1.282441618,1.158861735,1.111614639,0.959229739
alpha-glycerophosphocholine,0.887211803,0.80984689,0.946237741,0.912799951,1.066529703,1.052796588,0.934053559,0.852604042,0.996195865,0.945927848,1.131318803,1.191048575,1.056712354,0.964566985,1.127015113,1.195988474,1.259132584,1.117117291,1.019704608,1.191438772,1.168415601
alpha-hydroxybutyrate,0.945968645,0.985186191,0.99529576,1.041457554,1.052144556,0.99742806,0.94353567,0.982652351,0.992735919,1.046427115,0.983927889,0.981397285,0.92837106,0.966859054,0.976780557,0.940273694,0.937855367,0.88718177,0.923962157,0.93344347,1.010261582
alpha-ketoglutarate,1.221180768,1.136230525,1.182367341,0.93043598,0.968216478,0.855648802,1.044901861,0.972214287,1.011691199,0.940196958,1.029908451,0.881239932,1.076153257,1.001291711,1.041949316,1.095417766,0.937292899,1.144604062,1.064980802,1.108224513,1.040605155
AMP,1.057593359,1.022207627,0.975930583,0.966541269,0.922784334,0.918069815,0.970944539,0.938457967,0.89597241,0.836830007,0.862217484,0.791575846,0.837165358,0.809154867,0.772523077,1.030337675,0.945921918,1.000400739,0.9669286,0.92315413,0.954728333
anserine,0.955885335,1.000569833,1.009283315,1.046746714,1.055862328,1.107314624,1.05846581,1.107945608,1.117594174,0.997656921,0.931795954,1.031791286,0.986274159,1.032379235,1.04136973,0.933984353,1.034214533,0.988590505,1.034803862,1.043815472,1.00870852
anthranilic acid,0.907432887,0.927319881,0.869262989,1.021915664,0.957936396,1.199297599,1.088282083,1.112132507,1.042505016,1.02661544,0.937636847,1.124505619,1.020413381,1.042776417,0.977491116,0.913328214,1.095352335,0.993958731,1.015741997,0.952149245,0.93739281
arachidonyl_carnitine,0.979839309,1.013572524,0.977951903,1.034427293,0.99807376,0.995767496,0.975692135,1.009282574,0.973812718,1.141116066,1.063602715,1.059101012,1.037748803,1.073475685,1.03574985,0.932072333,0.928127334,0.909415645,0.940724364,0.907663892,0.964856367
arginine,1.01644668,1.016383736,0.992330612,0.999938075,0.976274143,1.082776433,1.100584511,1.100516357,1.074472201,1.006909983,0.960722681,1.040247878,1.057356502,1.057291025,1.032269813,0.954129661,1.033109111,1.050100326,1.050035298,1.025185796,0.976334603
asparagine,1.046422631,1.083657515,0.975086877,1.035583026,0.931828926,1.129298026,1.181723012,1.223772293,1.101163685,0.84677677,0.863025884,0.974613427,1.019857547,1.056147164,0.950332762,1.019189372,1.150968545,1.204399534,1.247255714,1.122294324,0.89981093
aspartate,1.005240326,1.121468924,1.031581522,1.115622698,1.02620388,0.933910773,0.938804769,1.047351909,0.963405097,0.981748066,0.960379906,0.896909141,0.901609236,1.005855729,0.925234897,0.978234579,0.913583812,0.918371288,1.024555854,0.942436179,0.919848513
beta-alanine,0.943074084,0.863051676,0.887623496,0.915147272,0.941202299,1.119613638,1.055878607,0.966284427,0.993795372,1.006709496,1.000475486,1.120145999,1.056380662,0.966743882,0.994267908,0.993807539,1.112680474,1.049340119,0.960300748,0.987641332,1.028470856
betaine,0.982337699,1.027662908,1.005826236,1.046140151,1.023910858,0.973857423,0.956656859,1.000797151,0.979531346,0.947113408,0.954949598,0.929984754,0.913559083,0.955710837,0.935403065,1.00827376,0.981914885,0.964572009,1.009077507,0.987635754,0.978751134
butyrobetaine,0.946085682,0.964488472,0.941375101,1.019451505,0.995020979,0.981238469,0.928335666,0.946393191,0.923713462,1.01697475,1.117249232,1.096287925,1.037182309,1.057357066,1.032018156,1.098600759,1.077989327,1.019870267,1.039708278,1.014792311,0.976035617
butyrylcarnitine/isobutyrylcarnitine,0.88341557,0.833121618,1.036688759,0.943068751,1.173500665,1.090599864,0.963452901,0.908602324,1.13061262,1.027209374,0.969829673,1.05769611,0.934385212,0.881189495,1.096501668,0.944140209,1.029679183,0.909634623,0.857847988,1.067456835,1.244342647
C14:0 CE,0.95251974,0.980340296,0.998917488,1.029207328,1.048710537,1.10398188,1.051564533,1.082277924,1.102786807,1.080601611,0.952116637,1.051119515,1.001212087,1.030454817,1.049981665,0.881098665,0.972716961,0.926532106,0.953593634,0.971663983,1.018949738
C14:0 LPC,0.994296307,1.01383093,0.983826364,1.019646681,0.989469997,0.998172736,0.992479465,1.011978393,0.982028653,1.022919381,0.947856222,0.946124239,0.940727836,0.959210016,0.930821969,0.926618695,0.924925518,0.919650027,0.937718098,0.909966109,0.970404764
C14:0 SM,0.952748213,0.920654392,0.944991935,0.966314478,0.991859047,0.997074167,0.949960631,0.917960711,0.942227046,0.974197945,1.063813803,1.060701262,1.010581232,0.976539276,1.002354138,1.091989374,1.088794395,1.037346915,1.002403342,1.028901922,1.026435047
C16:0 CE,0.905185895,0.969205076,0.990614389,1.070724899,1.094376741,1.083721374,0.980969301,1.050348256,1.073549987,1.032011385,0.998670552,1.082280622,0.979665153,1.048951873,1.072122758,0.967693347,1.048709964,0.949277467,1.01641502,1.038867181,1.02208956
C16:0 LPC,1.044067174,1.084219775,1.008683027,1.038457871,0.966109319,0.94281296,0.984360063,1.022216456,0.950999431,1.075156904,1.017859322,0.959650961,1.001940067,1.040472549,0.967983636,0.946707703,0.892568292,0.931901254,0.967740192,0.900318486,0.930330778
C16:0 LPE,1.058033259,0.992803974,0.979274034,0.93834855,0.925560729,0.912751868,0.965721833,0.906183682,0.893834203,0.986833869,1.038267152,0.947680282,1.002677258,0.940860751,0.928038693,1.052119496,0.960324035,1.016054768,0.953413518,0.940420392,0.986371992
C16:0 SM,0.99130864,0.948546992,0.957623246,0.956863436,0.966019266,0.949612394,0.941358971,0.90075198,0.909370903,0.934109768,1.065006998,1.011343846,1.002553892,0.959307162,0.968486376,1.140130459,1.082682015,1.073272036,1.026974768,1.036801465,1.009568586
C16:1 CE,0.95703983,0.999691637,1.01858366,1.044566386,1.064306446,1.137474437,1.088608341,1.137123681,1.158612875,1.057399456,0.934088015,1.062501239,1.016856005,1.062173603,1.082246401,0.883382349,1.00482484,0.961657394,1.004514989,1.023498163,1.018897851
C16:1 LPC,0.987694712,1.01234976,0.945391893,1.024962216,0.957170148,1.106588374,1.092971486,1.120254476,1.046159679,0.984349494,0.901291165,0.997358325,0.985085543,1.009675461,0.942894475,0.915621098,1.013215662,1.000747752,1.025728633,0.957885874,0.933858959
C16:1 SM,1.013734749,0.965145029,1.012529562,0.952068605,0.998811142,1.03534727,1.049567505,0.99926027,1.048319718,0.982746167,0.988157589,1.023086262,1.037138095,0.98742662,1.035905085,1.00550643,1.041048336,1.055346874,1.004762627,1.054092216,1.049095765
C18:0 CE,0.920205807,0.999443036,1.026798528,1.08610816,1.11583574,1.056894485,0.972560442,1.056305832,1.085217701,0.999849526,0.981282278,1.037111827,0.954356326,1.036534193,1.064904897,0.981429957,1.037267909,0.954499953,1.036690188,1.065065162,1.027370736
C18:0 LPC,0.968139221,1.087679134,0.946072081,1.123473888,0.977206646,0.98305096,0.951730191,1.069244018,0.930037068,0.961233413,0.957896572,0.941661145,0.911659087,1.024225179,0.890879319,0.996528584,0.979638382,0.948426339,1.065532227,0.926808522,0.869808063
C18:0 LPE,1.110914692,1.094052348,1.104612831,0.984821206,0.994327322,0.930086674,1.033246951,1.017563509,1.027385674,0.937240025,0.90291313,0.83978747,0.932932239,0.918771453,0.927640015,0.963374489,0.896021774,0.995403753,0.980294725,0.989757148,1.009652631
C18:0 SM,0.954028708,0.977666257,0.907212022,1.024776559,0.950927382,1.00323801,0.957117863,0.98083195,0.910149584,0.894651521,0.95879749,0.961902086,0.917682204,0.940419211,0.872649136,1.07169939,1.075169564,1.02574263,1.051157003,0.975406754,0.927936314
C18:1 CE,0.979449107,1.014509179,1.025384737,1.035795705,1.046899456,1.083066821,1.060808831,1.098781231,1.110560188,1.051735047,0.96342004,1.04344828,1.022004486,1.058587857,1.06993594,0.916029224,0.99212086,0.971731891,1.006515719,1.017305588,1.01072002
C18:1 LPC,1.056621827,1.056042197,0.986495382,0.999451431,0.933631463,1.034318947,1.092883976,1.092284454,1.020350865,1.05644071,0.945152923,0.977589577,1.032942485,1.032375844,0.964387603,0.894657802,0.925361516,0.977757176,0.977220808,0.912864862,0.934143905
C18:1 LPE,1.074431825,1.003230435,0.991945364,0.933731124,0.923227832,0.941977667,1.012090784,0.945020665,0.934390379,1.002794667,0.994296559,0.936605153,1.006318384,0.939630796,0.929061139,0.991525576,0.933994949,1.003513897,0.937012159,0.926471959,0.988751267
C18:1 SM,0.950594176,0.946559043,0.955595693,0.995755146,1.005261464,1.077074813,1.023861044,1.019514904,1.029248052,0.987621809,0.915927842,0.986522809,0.937782836,0.933802085,0.942716947,0.927407468,0.998887225,0.949536379,0.945505736,0.95453233,1.009546843
C18:2 CE,0.930479132,0.993002988,1.012953259,1.067195333,1.088636192,1.15385828,1.073641051,1.14578472,1.168804506,1.082531331,0.963926064,1.112234071,1.034910593,1.104451755,1.126641127,0.890437105,1.027438226,0.956009829,1.020249228,1.0407469,1.020090847
C18:2 LPC,0.986812676,0.988574174,0.952758702,1.001785037,0.965490943,1.024479081,1.010968944,1.012773561,0.976081359,1.083364294,1.001215682,1.025724522,1.012197961,1.014004771,0.977267964,0.924172679,0.946795577,0.934309877,0.935977655,0.902067725,0.963770577
C18:2 SM,1.041603161,1.024014631,0.975629736,0.983113982,0.93666165,1.030413658,1.073282123,1.055158662,1.005302204,1.033980272,0.970542158,1.000059894,1.041665548,1.024075964,0.97568817,0.938646688,0.967194367,1.00743271,0.990421183,0.943623585,0.9527498
C18:3 CE,0.991944382,1.014002332,1.034355132,1.022237083,1.04275517,1.101926348,1.093049651,1.117355887,1.139783174,1.085180388,0.973465034,1.07268677,1.064045615,1.087706886,1.109539066,0.897053656,0.988487059,0.980524185,1.002328183,1.022446663,1.020071749
C20:3 CE,0.942729456,0.997622544,1.031746744,1.058227828,1.094425062,1.084232154,1.022137589,1.08165444,1.118652994,1.143921643,1.050037333,1.138484239,1.073282628,1.135777544,1.174627407,0.917927674,0.9952467,0.93824838,0.992880545,1.026842541,1.034205521
C20:3 LPC,0.964021576,1.073132644,0.971374281,1.113183222,1.007627117,0.964373319,0.929676687,1.03490049,0.936767439,0.975924993,0.98832878,0.953117906,0.918826226,1.022821938,0.925834221,1.012709775,0.976630287,0.941492668,1.048053842,0.948673543,0.905176342
C20:4 CE,0.941776325,0.97824013,1.004873856,1.038718116,1.066998425,1.154028512,1.086836731,1.128917002,1.159653081,1.077595999,0.973604868,1.123567777,1.058149532,1.099119089,1.129043885,0.903497108,1.042661422,0.981953843,1.019973246,1.047743204,1.027226163
C20:4 LPC,0.971124774,0.982944914,0.999592883,1.012171598,1.029314574,1.076110402,1.045037471,1.057757247,1.075672299,1.021906004,0.924160821,0.994499073,0.965782687,0.977537806,0.994094196,0.904350124,0.973180575,0.945079766,0.956582897,0.972784377,1.016936828
C20:4 LPE,0.98102037,1.022568103,0.993411297,1.04235155,1.012630652,0.967915165,0.949544493,0.989759174,0.961537859,1.097368266,1.079521272,1.04488501,1.025053479,1.068466083,1.038000573,0.98373655,0.952173525,0.934101624,0.973662276,0.945899936,0.971486685
C20:5 CE,0.977916644,0.977951755,1.003429934,1.000035904,1.026089432,1.145459356,1.12016377,1.120203988,1.149388206,1.071518017,0.990987797,1.135136244,1.110068627,1.110108482,1.139029687,0.924844735,1.059372055,1.035977565,1.036014761,1.063005631,1.026052593
C22:0 SM,1.048261415,1.032632857,0.978975817,0.985090972,0.933904275,0.979247114,1.026506966,1.011202746,0.958659244,1.024392263,0.986977737,0.966495101,1.013139522,0.998034597,0.946175331,0.963476368,0.943481453,0.989015203,0.974269948,0.923645526,0.948038608
C22:1 SM,1.035321046,1.004460965,1.007508031,0.970192743,0.973135855,1.027630025,1.063926992,1.032214246,1.035345503,0.989738407,0.943221033,0.969282254,1.003518317,0.973606188,0.976559655,0.953000335,0.979331758,1.01392278,0.983700522,0.986684611,1.003033534
C22:6 CE,0.935886095,0.994383465,1.027105927,1.062504797,1.097468947,1.085228913,1.01565065,1.079133688,1.114645049,1.046760803,0.96585735,1.048176323,0.980973645,1.042289204,1.076588114,0.922710659,1.001352286,0.93715168,0.995728156,1.028494868,1.032907287
C22:6 LPC,0.966614605,0.981193467,0.972502487,1.015082393,1.006091241,1.098041814,1.061383254,1.077391454,1.067848395,1.099215346,1.012503596,1.111771285,1.074654361,1.090862721,1.08120034,0.921114865,1.011422638,0.977655893,0.992401284,0.983611031,0.991142441
C22:6 LPE,1.026876885,1.132024953,0.99620699,1.102395983,0.970132841,0.937192932,0.962381758,1.060925785,0.93363815,0.961500449,0.95282454,0.892980425,0.916980956,1.010876123,0.889593341,0.990976699,0.928736358,0.953697898,1.051352731,0.925213651,0.880022112
C24:0 SM,0.910795648,0.915791257,0.95081971,1.005484885,1.043944064,1.079515798,0.983218291,0.98861113,1.026424898,0.889595431,0.969390374,1.046472223,0.953122346,0.958350113,0.995006416,1.089698014,1.176346221,1.071411019,1.077287585,1.118493173,1.038249385
C24:1 SM,0.913754623,0.923775811,0.884456144,1.010967044,0.967936163,1.054705657,0.96374217,0.974311573,0.932840899,0.935885837,1.004284164,1.059224189,0.967871,0.978485684,0.936837342,1.07308405,1.131787819,1.034176352,1.045518209,1.00101669,0.957435921
C32:0 PC,0.976184062,0.976521599,0.963121286,1.000345772,0.986618532,0.936114165,0.913819727,0.9141357,0.901591478,0.896384738,0.982966072,0.920168463,0.898253788,0.898564378,0.886233833,1.096589478,1.026532943,1.002085098,1.002431591,0.988675728,0.986277505
C32:1 PC,1.009522752,0.990101382,1.005400215,0.98076183,0.995916351,1.009850273,1.019466827,0.999854151,1.015303682,0.985565142,0.928188623,0.937331534,0.94625751,0.928053247,0.942393326,0.941783128,0.951059949,0.960116657,0.94164577,0.956195878,1.015451785
C32:2 PC,1.077561723,1.011005776,1.018149041,0.938234677,0.944863778,1.037554545,1.118029063,1.048973637,1.056385165,0.977506189,0.897066847,0.930755785,1.002946807,0.940999474,0.94764811,0.917709634,0.952173802,1.026026043,0.962653213,0.969454843,1.007065504
C34:1 DAG,1.119400744,1.156386403,1.070750852,1.033040588,0.956539343,0.846712238,0.947810309,0.979126519,0.906617851,0.953706001,0.975232517,0.825741307,0.924335433,0.954876019,0.884163208,1.022571437,0.86582375,0.96920375,1.001226812,0.927081519,0.925945558
C34:1 PC,1.012293078,1.004067648,0.978226251,0.991874459,0.966346874,0.956425493,0.968182906,0.960315895,0.935600525,1.027955094,1.018427672,0.974050188,0.986024262,0.978012281,0.952841464,0.990731675,0.947561031,0.959209472,0.951415376,0.926929075,0.974263291
C34:2 DAG,0.936056224,1.029004971,0.964948516,1.099298252,1.03086598,1.082997496,1.013746547,1.114409807,1.045036828,0.901738993,0.862473864,0.934057036,0.874329902,0.961149333,0.901316951,0.956456215,1.035839686,0.969604186,1.065884186,0.999531969,0.93774913
C34:2 PC,1.046744871,1.013128815,0.992960735,0.967885149,0.948617722,1.005472994,1.052473699,1.018673663,0.998395203,1.015250165,0.959594589,0.964846445,1.009948067,0.977513735,0.958054635,0.945180432,0.950353399,0.994777545,0.962830413,0.943663609,0.980093271
C34:3 PC,1.078119476,1.079990457,1.020856927,1.001735411,0.946886639,1.012851723,1.091975168,1.093870195,1.033976697,0.908062114,0.901538787,0.913125113,0.984457968,0.986166408,0.932170097,0.99281621,1.005575609,1.084130648,1.086012061,1.026548826,0.945246248
C34:4 PC,1.016588253,1.012524275,0.994649919,0.996002336,0.978419646,0.990865239,1.007301963,1.003275108,0.98556403,1.012020236,0.966479041,0.957650486,0.973536235,0.969644364,0.952526978,0.954999719,0.946276025,0.961973091,0.958127446,0.941213371,0.982346738
C36:1 DAG,1.084664488,1.102463352,1.032015489,1.016409558,0.951460568,0.896215851,0.972093507,0.988045132,0.92490864,0.951174636,0.967971429,0.867511338,0.940958741,0.956399458,0.895285138,1.017659,0.912042127,0.989259706,1.00549302,0.941241601,0.936099587
C36:1 PC,0.99056718,0.998682192,0.936884155,1.008192288,0.94580577,0.98768083,0.978364215,0.986379256,0.92534252,0.915141631,0.953853756,0.942103069,0.933216381,0.940861558,0.882641438,1.042301786,1.029461493,1.019750768,1.02810486,0.964486161,0.938120418
C36:2 DAG,1.094548923,1.097777578,1.024434,1.002949759,0.935941719,0.944193027,1.033465461,1.036513934,0.96726344,1.00083776,0.963804734,0.910017709,0.996058903,0.998997037,0.932253082,0.962997973,0.909255971,0.995225143,0.998160817,0.931472732,0.933189037
C36:2 PC,1.054037897,1.026959036,0.973444987,0.974309405,0.923538887,0.983139198,1.036265973,1.009643683,0.957031924,1.021898722,0.9851595,0.968548921,1.020887267,0.994660066,0.942829091,0.964048079,0.947793455,0.999010221,0.973345053,0.922624788,0.947890766
C36:3 PC,1.052704962,1.037113393,1.016716864,0.985189041,0.96581369,0.987106138,1.03913153,1.023740996,1.003607457,1.04786465,0.995084183,0.982253705,1.03402335,1.018708472,0.998673907,0.949630454,0.93738605,0.986790946,0.972175626,0.953056205,0.980333367
C36:4 PC-A,0.836415037,0.999827169,0.983999354,1.195372064,1.176448665,0.990971704,0.828863634,0.990800433,0.975115516,1.028681925,0.983090801,0.974215166,0.814848214,0.974046791,0.958627094,0.955680058,0.947051895,0.792128446,0.946888215,0.931898452,0.984169449
C36:4 PC-B,0.980650177,1.022569681,1.009672794,1.042746644,1.02959528,0.954516186,0.936046467,0.976059312,0.963749024,1.138750129,1.068816218,1.02020238,1.000461645,1.043228022,1.030070587,0.938587133,0.89589661,0.87856117,0.916116711,0.904562433,0.987387767
C38:2 PC,1.021865829,0.927318886,0.881411873,0.907476167,0.86255147,1.06542482,1.088721217,0.987988558,0.939078087,0.94736026,0.995419303,1.060544432,1.083734115,0.983462881,0.934776454,1.050729427,1.119473211,1.14395142,1.038108651,0.98671698,0.950494902
C38:4 PC,1.00698887,1.010960207,0.966808545,1.003943774,0.960098541,0.990503867,0.997426369,1.001359994,0.957627602,1.066915055,1.005312074,0.995765496,1.002724772,1.006679292,0.96271459,0.942260651,0.933312818,0.93983562,0.943542119,0.902334807,0.956327003
C38:5 PC,0.946723172,1.005309113,0.99748894,1.061882864,1.053622611,0.990258014,0.937500208,0.995515405,0.987771417,1.114096102,1.055990974,1.045703525,0.989991758,1.051255283,1.043077701,0.947845498,0.9386116,0.888605351,0.943594795,0.93625469,0.992221126
C38:6 PC,0.881017705,0.98982791,0.990914573,1.123505128,1.124738546,1.044249498,0.920002296,1.033627297,1.034762045,1.098138569,0.999788828,1.044028981,0.919808017,1.033409024,1.034543532,0.91043959,0.950726084,0.837606513,0.941055212,0.942088331,1.00109783
C40:6 PC,0.992947913,0.989252961,0.97732611,0.996278806,0.984267248,1.010863793,1.003735093,1,0.987943578,1.039334355,0.981306077,0.991966783,0.984971347,0.981306077,0.969475037,0.944167844,0.954425088,0.947694399,0.944167844,0.932784558,0.987943578
C46:0 TAG,1.013270989,1.035501324,1.049853309,1.021939181,1.036103196,0.885929299,0.897686456,0.917380962,0.930095806,1.028515396,1.084130393,0.960462879,0.973209171,0.994560583,1.008345132,1.054073082,0.933834226,0.946227129,0.966986578,0.980388953,1.013859939
C46:1 TAG,1.12487884,1.007304167,1.036899798,0.895477923,0.921787984,0.874252332,0.983427949,0.880638017,0.906512066,0.939842764,1.040757866,0.909884991,1.023510374,0.916530943,0.943459564,1.107374452,0.968124697,1.089022986,0.975196041,1.003848303,1.029381027
C46:2 TAG,1.181154327,1.101032193,1.091058968,0.932166245,0.923722619,0.885521891,1.045938012,0.974988109,0.9661566,1.027492325,1.057896937,0.936790895,1.106494619,1.031436934,1.022094108,1.029591084,0.911725443,1.076888452,1.003839064,0.994746221,0.990941932
C48:0 TAG,1.102735408,1.075901163,1.126385994,0.975665744,1.021447199,0.871024498,0.960509556,0.937136271,0.981109796,0.993471622,1.034019188,0.900656045,0.993185311,0.969016886,1.014486355,1.040814016,0.906574506,0.999711808,0.975384566,1.021152827,1.046923299
C48:1 TAG,1.113716512,1.039924382,1.070138027,0.933742447,0.960871115,0.852360343,0.949287788,0.886390302,0.912143216,0.902351619,1.049096874,0.894208571,0.995894851,0.929909296,0.956926596,1.162625358,0.990975749,1.103666055,1.030539843,1.060480833,1.029053695
C48:2 TAG,1.136727599,1.033017802,1.029920833,0.9087646,0.90604014,0.885205678,1.006237725,0.914433223,0.911691769,1.018206838,1.077981914,0.954235711,1.084706069,0.985742476,0.982787238,1.058706222,0.937172759,1.06531014,0.968116143,0.965213748,0.997002019
C48:3 TAG,1.252566304,1.040209974,1.137599735,0.830463003,0.908215183,0.847090408,1.061036902,0.881151892,0.963649824,1.010293039,1.055995276,0.894523469,1.120449955,0.930492235,1.017609661,1.045236615,0.885409911,1.109034619,0.92101222,1.00724208,1.093625098
C50:0 TAG,1.023366863,1.064264427,1.109790029,1.039963737,1.084449838,0.934097547,0.955924477,0.994126791,1.036652144,0.965485771,1.002226884,0.936177674,0.958053209,0.996340595,1.038960648,1.038054536,0.969644196,0.992301739,1.031957825,1.076101461,1.042776589
C50:1 TAG,1.103221046,1.062647088,1.10074242,0.963222277,0.997753282,0.850628551,0.93843132,0.903917953,0.93632293,0.919396916,1.036068224,0.881309212,0.972278871,0.936520668,0.970094435,1.126899825,0.958573165,1.05751809,1.018624983,1.055142146,1.035849467
C50:2 TAG,1.120296816,1.043077669,1.070241527,0.931072599,0.955319619,0.879211877,0.984978267,0.917086275,0.940969062,0.919153181,1.038036095,0.912653664,1.022442994,0.951968656,0.976759851,1.129339611,0.992928799,1.112374972,1.035701857,1.062673634,1.026042029
C50:3 TAG,1.160611483,1.018376759,1.076533507,0.87744846,0.927557174,0.896761973,1.040792244,0.913241552,0.965394312,1.000602207,1.04609874,0.938101571,1.088771455,0.955340837,1.009897774,1.045469152,0.937536979,1.088116184,0.95476587,1.009289972,1.057107301
C52:1 TAG,1.059453375,1.022430893,1.065904597,0.965055109,1.006089198,0.91666653,0.971165449,0.937228179,0.977079068,0.947625952,1.01374463,0.929265772,0.984513759,0.950110033,0.990508658,1.069772971,0.980625077,1.038926548,1.002621373,1.045252778,1.042519944
C52:2 TAG,1.093506475,1.035124613,1.045035361,0.946610411,0.955673684,0.881021949,0.963403205,0.911967503,0.92069909,0.932983573,1.051016949,0.925969001,1.012553097,0.958493303,0.967670349,1.126511741,0.992481569,1.085285022,1.0273421,1.037178335,1.009574449
C52:3 TAG,1.115763178,0.985920537,1.051717468,0.883628853,0.94259919,0.926830037,1.034122827,0.913780767,0.97476334,0.994200631,1.030899831,0.955468929,1.066077048,0.942016439,1.004883362,1.036913274,0.961042367,1.072295686,0.947511407,1.010745045,1.066736546
C52:4 TAG,1.119623624,1.000963182,1.074776516,0.894017561,0.959944479,0.889197039,0.995566011,0.890053497,0.955688096,1.080070446,1.221683826,1.08631764,1.216266893,1.087363962,1.167548689,1.131114948,1.005784062,1.126099597,1.006752815,1.080993091,1.073742307
C52:5 TAG,1.04304969,0.977603217,1.053734751,0.937254693,1.010244057,0.884444499,0.922519561,0.864635788,0.931969904,1.053235245,1.186056082,1.049000778,1.094159936,1.025506535,1.105368573,1.126107475,0.995979562,1.038856174,0.973672824,1.049498276,1.077875699
C54:1 TAG,1.117427924,1.067181221,1.091880434,0.955033606,0.977137236,0.887027386,0.99118917,0.946618968,0.968527847,0.93603123,1.050615754,0.931924946,1.041358958,0.994532801,1.017550614,1.12241528,0.995613091,1.11252587,1.062499594,1.087090454,1.023144348
C54:2 TAG,1.121319766,1.022564202,1.029087576,0.911929168,0.917746755,0.885362385,0.992774342,0.90533988,0.91111543,0.872055916,1.02248102,0.905266235,1.015092922,0.925692844,0.931598235,1.172494793,1.038082786,1.164022746,1.061506295,1.068278097,1.006379428
C54:3 TAG,1.135089401,1.025806652,1.022912233,0.903723223,0.901173275,0.912688215,1.035982719,0.936241642,0.933599941,1.00852934,1.048509049,0.956961853,1.086237256,0.981657834,0.978887986,1.039641593,0.94886863,1.077050725,0.973355752,0.970609329,0.997178398
C54:4 TAG,1.092264459,0.959027904,1.062316743,0.878018044,0.972581991,0.924112011,1.009374705,0.886249204,0.981699661,1.001465115,1.095577386,1.012436221,1.105848101,0.970954587,1.075527949,1.093974588,1.010955056,1.104230277,0.969534108,1.073954482,1.107701599
C54:5 TAG,1.053966765,0.971115396,1.076674308,0.92139091,1.021544838,0.894906523,0.943201733,0.869057503,0.963522861,1.040211448,1.163889173,1.041572013,1.097782285,1.011486618,1.121433826,1.118896716,1.00130797,1.055345322,0.972385586,1.078082565,1.108698628
C54:6 TAG,0.99094829,0.954866128,1.0461779,0.963588249,1.055734098,0.904131508,0.895947572,0.863324552,0.945882402,1.013992404,1.123030644,1.01536739,1.006176579,0.969539928,1.062254923,1.107533586,1.001356012,0.992292028,0.956160937,1.047596529,1.095627826
C54:7 TAG,1.014772725,0.966039674,1.01406841,0.951976389,0.999305938,0.926241128,0.939924233,0.894785677,0.939271868,1.009400172,1.097758836,1.016789383,1.031810132,0.982258884,1.031093992,1.087535812,1.007320398,1.022201265,0.973111468,1.021491794,1.049717146
C56:2 TAG,1.147471793,1.011442467,1.003721128,0.88145301,0.874724009,0.874242757,1.003168904,0.88424625,0.877495926,0.872905363,1.042329007,0.911248585,1.045632048,0.921675516,0.914639457,1.194091653,1.043925979,1.197875615,1.055871067,1.04781056,0.992366013
C56:3 TAG,1.153756232,0.993078668,0.996237011,0.860735257,0.863472702,0.897162989,1.03510739,0.890953426,0.893786975,0.930900234,1.053795012,0.945425883,1.090791004,0.938882276,0.941868256,1.13201713,1.015603872,1.171759297,1.00857454,1.011782166,1.003180356
C56:4 TAG,1.147693702,0.943836967,1.045433153,0.822377055,0.910899093,0.930421193,1.067838544,0.878165917,0.972693161,0.93054998,1.060956096,0.987136037,1.132929813,0.931695484,1.031984739,1.140138756,1.060809262,1.217484109,1.001230997,1.109005171,1.107641668
C56:5 TAG,1.039994417,0.919862576,1.029439735,0.884487994,0.989851213,0.912435489,0.948927814,0.839315259,0.939297348,0.994007715,1.152614056,1.05168597,1.093747537,0.967406565,1.082647326,1.159562485,1.058025963,1.100341094,0.973238487,1.089173967,1.119123402
C56:6 TAG,0.99435823,0.973981688,1.06437711,0.979507846,1.070416152,0.888130703,0.883120073,0.865023041,0.94530599,1.00676184,1.125336487,0.999445885,0.993807241,0.97344199,1.063787323,1.117778249,0.992733182,0.98713241,0.96690394,1.056642475,1.092810187
C56:7 TAG,0.969690408,0.943576137,1.042725666,0.973069476,1.07531812,0.945751448,0.917086108,0.892388498,0.986159309,1.052703374,1.086194612,1.027270127,0.996133988,0.969307578,1.071160927,1.031814506,0.975840063,0.946262749,0.920779397,1.01753348,1.105078462
C56:8 TAG,1.098293735,1.020413404,1.082660188,0.929089707,0.985765605,0.906425992,0.995521988,0.924929232,0.981351335,1.003122549,1.016860029,0.92170836,1.012306517,0.940523566,0.997896947,1.013694717,0.91883924,1.00915538,0.937595876,0.994790663,1.061001535
C58:6 TAG,0.99049489,0.894565101,1.004731289,0.903149638,1.014373016,0.946596745,0.937599239,0.846792413,0.951075367,1.01430553,1.152116972,1.090590175,1.080223996,0.975603911,1.095750072,1.135867781,1.075208744,1.064988767,0.961844219,1.080295867,1.123150553
C58:7 TAG,0.986692784,0.895945392,1.027941998,0.908028726,1.04180553,0.903263479,0.891243557,0.809274751,0.928502466,1.030173019,1.197505176,1.081662692,1.067268773,0.969110704,1.111886509,1.16243112,1.049981578,1.036009246,0.940726156,1.079320161,1.14732662
C58:8 TAG,0.987918777,0.913419842,0.999128052,0.92459002,1.011346353,0.95580211,0.944254851,0.873048612,0.9549687,1.036492135,1.128120563,1.078260014,1.065233314,0.984904091,1.077319827,1.088402434,1.040297343,1.027729279,0.950228234,1.039390258,1.093832219
cAMP,0.985845307,1.016402713,0.988726333,1.030996148,1.002922392,0.894048743,0.881393757,0.908713568,0.883969535,0.888447172,1.025293565,0.916662423,0.903687348,0.931698174,0.906328276,1.154028735,1.03175794,1.017153722,1.048681569,1.020126244,0.972770261
carnitine,0.952444925,0.989486093,0.914687811,1.038890614,0.960357693,0.931224819,0.886940352,0.921434007,0.851779991,1.002206047,1.123229904,1.045979563,0.996237926,1.034982231,0.956744757,1.12075746,1.043677162,0.994045016,1.032704037,0.954638779,0.92440694
carnosine,0.968488611,1.02406128,1.042275857,1.057380818,1.076188037,1.069624741,1.03591938,1.095361282,1.114844044,0.983485887,0.9348296,0.999916868,0.968408099,1.023976148,1.042189211,0.950526705,1.016706881,0.984669035,1.04117015,1.059689036,1.017786608
choline,0.970379569,1.031996615,1.07749865,1.063497881,1.110388846,0.963981856,0.935428298,0.994826012,1.038689148,1.065542305,1.035372708,0.998080504,0.96851693,1.030015702,1.075430396,0.971686157,0.936687825,0.908942728,0.966658665,1.009279867,1.044091264
cis/trans-hydroxyproline,1.117059567,1.117189877,1.055614822,1.000116654,0.944994209,1.116373087,1.247055237,1.247200712,1.178459977,0.852432124,0.842011588,0.939999076,1.05003496,1.050157452,0.992276957,0.987775524,1.102726011,1.231810641,1.231954337,1.164053922,0.944883984
citrate,1.150877446,1.051678691,1.088479894,0.913805979,0.945782627,0.792563032,0.912142918,0.833521652,0.862688925,1.082719407,1.193531134,0.945948654,1.088670971,0.994834042,1.029646091,1.102345747,0.873678487,1.005496866,0.918829048,0.950981467,1.03499282
citrulline,1.017529514,0.954885611,0.959888563,0.938435296,0.943352059,1.103940241,1.123291777,1.054136651,1.059659611,1.120192319,1.076526225,1.18842062,1.209253057,1.13480575,1.140751361,0.96101911,1.060907667,1.079504864,1.013045466,1.018353136,1.005239321
CMP,1.092209001,1.027372639,1.044638855,0.940637403,0.95644593,0.897037784,0.979752742,0.921592075,0.937080523,0.871179408,0.90003809,0.807368174,0.881814787,0.829467971,0.843408164,1.033125992,0.92675305,1.012208024,0.952120726,0.968122245,1.016806186
cotinine,1.001412201,1.034111335,0.976101848,1.032653021,0.97472534,0.904069005,0.905345732,0.934908005,0.882463427,1.132505136,1.056549849,0.95519397,0.956542896,0.987776911,0.9323666,0.932931618,0.843434559,0.844625658,0.872205238,0.823278032,0.943904022
creatine,0.928857328,1.040716077,1.01901001,1.12042619,1.097057621,1.085370985,1.008154793,1.129563034,1.106003899,1.000967861,0.866827354,0.940829259,0.873896152,0.979136135,0.958714433,0.865989196,0.939919547,0.873051159,0.978189383,0.957787427,0.979143143
creatinine,0.97635567,1.006647199,1.021938273,1.031025096,1.046686473,1.109297131,1.083068544,1.116670849,1.133633194,1.122654921,1.047062551,1.161503483,1.134040512,1.169224228,1.186984863,0.932666424,1.034604188,1.010141666,1.041481408,1.057301617,1.015190102
cystathionine,0.86408735,0.993335234,0.932515426,1.149577336,1.079191156,1.066640908,0.921670916,1.059531997,0.994659101,1.021419651,0.910436334,0.971108639,0.83912269,0.964636427,0.905573786,0.891344056,0.950744033,0.821525892,0.944407547,0.886583477,0.938772123
cytidine,1.247988996,1.117234419,1.149924637,0.895227781,0.921422097,0.819019575,1.022127417,0.915036859,0.941810788,0.797017687,0.826465513,0.676891433,0.844753059,0.756246407,0.778374135,1.036947518,0.849280315,1.059892488,0.9488452,0.976608358,1.029259945
dCMP,0.905593365,1.009948358,0.976019499,1.11523383,1.077767943,0.982919024,0.890124947,0.992697454,0.959348133,1.012733828,0.972338995,0.955730496,0.865503196,0.965238444,0.932811599,0.96011308,0.943713411,0.854620604,0.95310181,0.921082691,0.966405353
DHAP/glyceraldehyde 3P,0.906079972,0.833660173,0.937808337,0.920073502,1.035017179,1.276635652,1.156733996,1.064280299,1.197239558,0.909543915,0.866057667,1.105640095,1.001798346,0.921728113,1.036878499,0.952188953,1.215598365,1.101429332,1.013395943,1.13999828,1.124928798
dimethylglycine,0.982544411,1.013737092,0.997186394,1.031746841,1.014902108,1.085904393,1.066949293,1.100821562,1.082849086,1.028453495,1.005234445,1.0915885,1.07253418,1.106583751,1.0885172,0.977423334,1.061388293,1.042861135,1.075968682,1.058401965,0.98367358
erythrose-4-phosphate,1.017535765,1.011521871,1.030629425,0.994089747,1.01286801,0.997974365,1.015474608,1.009472897,1.028541746,1.017110409,0.976214895,0.97423744,0.991321438,0.985462478,1.004077773,0.959792454,0.957848264,0.974644866,0.968884469,0.987186606,1.018889907
F1P/F6P/G1P/G6P,1.014389775,1.001407196,1.009976713,0.987201587,0.99564954,1.060551803,1.075812905,1.062044207,1.071132624,1.036741752,1.011128167,1.072353801,1.087784731,1.073862813,1.083052367,0.975294151,1.03434997,1.049234034,1.035805504,1.044669383,1.008557475
fumarate/maleate/alpha-ketoisovalerate,1.116465323,1.120200405,1.141481382,1.003345452,1.022406481,0.894121233,0.998255352,1.001594967,1.020622741,0.918496078,0.983575511,0.879435749,0.981859517,0.985144281,1.003859534,1.07085434,0.957473603,1.068986075,1.072562317,1.092938291,1.018997473
GABA,0.905081586,0.885089811,1.036793114,0.977911632,1.145524481,0.928752207,0.84059652,0.822029115,0.962923893,0.91600421,1.075019666,0.998426888,0.903657791,0.883697465,1.035162122,1.173596862,1.089980676,0.986521439,0.96473079,1.130084459,1.171398768
glucuronate,1.036020002,1.006473895,1.04122545,0.971481142,1.005024467,1.019342786,1.056059515,1.025941904,1.061365651,1.125473732,1.04476249,1.064971108,1.103331369,1.071865618,1.108875021,0.928286872,0.946242527,0.980326184,0.952368401,0.985251801,1.034528025
glutamate,1.113835282,1.064571965,1.07239223,0.955771453,0.962792477,0.959502303,1.068727518,1.021459253,1.028962814,0.973884014,0.928500081,0.890897966,0.992313587,0.948424999,0.955392056,0.953399037,0.914788571,1.018923786,0.973858267,0.981012156,1.007345923
glutamine,1.417411924,1.436499787,1.328348305,1.013466701,0.937164618,0.717284384,1.016687439,1.030378864,0.952803495,0.936014905,0.946396871,0.678835696,0.96218981,0.975147333,0.901730246,1.011091667,0.725240263,1.027964197,1.041807484,0.963371674,0.924711801
glutathione oxidized,1.065956783,1.017708862,0.999447936,0.954737451,0.937606432,0.993866575,1.059418817,1.011466821,0.993317897,0.867293748,0.907355691,0.901790493,0.961269693,0.917760176,0.901292647,1.046191896,1.039775157,1.108355381,1.058188391,1.039201134,0.982056827
glutathione reduced,1.009999197,1.004226213,1.003640546,0.99428417,0.993704301,0.994236303,1.004177868,0.998438157,0.997855866,0.903625033,0.924973653,0.919642385,0.92883807,0.923528989,0.922990385,1.023625529,1.017725662,1.027902101,1.022026787,1.021430739,0.999416798
glycine,0.918562643,0.979392193,0.916451816,1.066222538,0.997702033,1.049109954,0.963673212,1.027490098,0.961458723,0.965298977,0.986726192,1.03518427,0.950881599,1.013851392,0.948696504,1.02219749,1.072397562,0.985064339,1.0502978,0.982800693,0.935735268
glycodeoxycholate/glycochenodeoxycholate,0.927055998,0.935543959,0.974677131,1.009155824,1.05136813,1.207657189,1.11956584,1.129816388,1.177075844,1.021920743,0.966814464,1.167580438,1.082412448,1.092322826,1.138013952,0.94607578,1.142535217,1.059194126,1.06889192,1.113602948,1.041829325
GMP,1.101278402,1.024297219,0.985684317,0.930098345,0.895036456,0.919982321,1.01315666,0.942335332,0.906812146,0.880250168,0.909359651,0.836594802,0.921323787,0.856921729,0.824618377,1.033069557,0.950405729,1.046661302,0.973497945,0.936800022,0.96230303
guanosine,1.133872157,1.074597375,1.202189819,0.947723576,1.060251645,0.852515775,0.9666439,0.916111214,1.024885785,0.931507457,0.911003676,0.776645005,0.880616146,0.834580683,0.933674718,0.977988603,0.833750711,0.945366717,0.895946326,1.002326617,1.118735116
heptanoylcarnitine,1.003223887,0.990455738,1.002307947,0.987272882,0.999087003,0.982803816,0.985972264,0.973423678,0.985072074,1.10761324,1.015949867,0.998479406,1.00169839,0.988949656,1.000783843,0.917242436,0.901469366,0.904375601,0.892865506,0.903549909,1.01196642
hexanoylcarnitine,0.990420332,1.016834907,1.004178645,1.026670065,1.013891389,0.846642835,0.838532277,0.860895988,0.850180655,1.014634505,1.068866998,0.904948585,0.896279478,0.92018331,0.908730044,1.053450274,0.891896127,0.883352058,0.906911115,0.895623044,0.987553278
hexoses (HILIC neg),0.904360713,0.969292081,0.951775329,1.071798085,1.052428876,1.209061362,1.093427595,1.171933603,1.150754775,1.00965556,0.930135522,1.124590921,1.017035847,1.090057074,1.070357894,0.92124043,1.113836209,1.007309708,1.079632616,1.060121824,0.981928304
hexoses (HILIC pos),0.91458207,0.966976922,0.980458951,1.0572883,1.072029491,1.229745829,1.124703486,1.189135836,1.205715306,0.996078733,0.893505836,1.098785075,1.004929129,1.062499809,1.077313662,0.897023304,1.103110666,1.008885236,1.066682556,1.081554726,1.013942452
hippurate,0.901985248,0.939826503,0.994995261,1.041953297,1.103117,1.18423747,1.068164729,1.112977761,1.178310671,1.096256212,1.066064055,1.262473,1.138732022,1.186505585,1.256154652,0.97245885,1.151622208,1.038746243,1.082325073,1.14585864,1.058701003
histidine,0.888447963,0.925887819,0.91613975,1.042140741,1.031168721,1.225345635,1.088655834,1.134532597,1.122587844,1.077727402,0.971911488,1.190927499,1.058077111,1.102665265,1.091056022,0.901815696,1.105035927,0.981766919,1.023139304,1.012367339,0.989471653
homocysteine,0.914253698,0.960805507,0.923319377,1.050917824,1.009915934,0.986635952,0.902035568,0.947965256,0.910980093,1.165976908,1.146682614,1.131358293,1.034348502,1.087015278,1.044605034,0.98345225,0.970309347,0.887108909,0.932278564,0.895905423,0.960984685
hypoxanthine,1.148962083,1.110850674,1.377731765,0.966829707,1.199109862,0.767876799,0.882261327,0.85299646,1.057928258,0.834719474,0.953842039,0.732433172,0.841537943,0.813623883,1.009096447,1.142709698,0.877460266,1.008168575,0.974727328,1.208904881,1.240249295
inosine,0.970608052,0.973312821,1.097500299,1.002786675,1.130734797,0.960861438,0.932619849,0.935218757,1.054545715,1.000352099,0.913851824,0.878084978,0.852276349,0.854651366,0.963698525,0.91353017,0.877775913,0.851976369,0.85435055,0.963359327,1.127592563
inositol,0.975553805,0.976370177,1.013490659,1.000836829,1.038887506,1.087513259,1.060927698,1.061815513,1.102184529,1.017882591,0.909584103,0.989184772,0.965002969,0.965810511,1.002529527,0.893604146,0.971806357,0.94804939,0.948842745,0.984916665,1.038018861
isocitrate,1.147301113,1.028207098,1.094551519,0.896196374,0.954022886,0.898563644,1.030923069,0.923909516,0.983524201,0.966972003,1.066651912,0.958454629,1.099636062,0.985489852,1.04907797,1.103084586,0.991191705,1.137195347,1.019150347,1.084910386,1.064524376
isoleucine,0.989024169,0.983201035,0.694106535,0.994112243,0.701809477,1.428604976,1.412924849,1.404605892,0.99160405,0.998494973,0.759099147,1.084452819,1.072550048,1.066235134,0.752725789,0.760243334,1.08608741,1.074166698,1.067842266,0.753860369,0.705966034
kynurenic acid,0.950121381,1.00093491,1.015745766,1.053481092,1.069069475,1.165116922,1.1070025,1.166206202,1.183462581,1.060241049,1.059222936,1.234118568,1.172562438,1.235272357,1.25355071,0.999039735,1.163998101,1.105939484,1.165086335,1.182326143,1.014797022
kynurenine,1.112221754,1.068283433,1.091223514,0.960494999,0.981120456,1.008192717,1.121333872,1.077035577,1.1001636,1.003148367,0.924159523,0.931730901,1.036291377,0.995352685,1.016726668,0.921259061,0.928806677,1.033038991,0.992228785,1.013535686,1.021473778
lactate,1.00911212,0.911540005,0.998987753,0.903308945,0.989967054,1.163952365,1.174558439,1.060989145,1.162774158,0.999200273,0.937497397,1.091202313,1.10114548,0.994674562,1.090097747,0.938247739,1.092075675,1.1020268,0.995470666,1.090970225,1.095934076
lactose,0.943230194,0.919891526,0.963525238,0.975256657,1.021516533,1.179448813,1.112491733,1.084964968,1.136428698,0.958541139,0.92976254,1.096607324,1.034353139,1.008759785,1.056608832,0.969976668,1.144037829,1.079091024,1.052390705,1.102309321,1.04743354
lauroylcarnitine,0.961933236,0.953355411,0.917489791,0.991082724,0.953797787,0.821032673,0.789778615,0.782735941,0.753289095,1.15827486,1.121417294,0.920720238,0.885671397,0.877773621,0.844751419,0.968178912,0.79490652,0.764647001,0.757828432,0.729318617,0.962379592
leucine,0.973839893,0.980451099,0.86065648,1.006788802,0.883776159,1.302618741,1.268542096,1.277153976,1.121107261,0.995747616,0.83270468,1.084696723,1.05632094,1.063492094,0.933551263,0.836260782,1.089328967,1.060832005,1.068033783,0.937538035,0.877816834
lysine,0.899248941,0.940790182,0.936339904,1.046195485,1.041246602,1.239914113,1.114991453,1.166499024,1.160981062,1.089600984,0.934397128,1.158572186,1.041844811,1.089973337,1.08481737,0.857558998,1.063299504,0.956170953,1.000341734,0.995609756,0.995269639
malate,1.158007655,1.135444304,1.16950696,0.98051537,1.00993025,0.858822012,0.994522464,0.975144562,1.004398321,0.920622435,0.991021217,0.851110836,0.985592863,0.96638895,0.995380046,1.07646868,0.924494998,1.070572284,1.049712579,1.081203334,1.029999407
malondialdehyde,0.989084424,0.900766929,0.983875324,0.91070783,0.994733412,1.125164166,1.112882351,1.013510671,1.107021259,0.999183422,0.957391871,1.077223026,1.065464516,0.970326877,1.059853154,0.958174295,1.078103381,1.066335262,0.971119872,1.060719314,1.092264039
malonylcarnitine,1.002246742,1.019095691,1.026485962,1.016811178,1.024184882,0.845222648,0.847121646,0.861362759,0.867609183,1.016818834,1.124616994,0.950551754,0.952687398,0.968703196,0.975728031,1.106015109,0.934829019,0.936929339,0.952680225,0.959588865,1.007251793
methionine,0.973138699,0.977769817,0.843515269,1.00475895,0.866798608,1.313483706,1.278201824,1.284284723,1.107943562,1.007917235,0.842578392,1.106712989,1.076985238,1.082110558,0.933529305,0.835959902,1.09801971,1.068525471,1.073610531,0.926196391,0.862693094
methionine sulfoxide,0.981819409,1.000372926,0.903506729,1.018897077,0.920237185,1.229544811,1.20719096,1.23000334,1.11090201,1.041884108,0.876563288,1.077773842,1.058179277,1.078175771,0.973775918,0.841325135,1.034446954,1.015640097,1.034832726,0.934629784,0.903169914
myristoylcarnitine,0.957492987,1.051833703,0.911843349,1.098528884,0.952323788,0.842627358,0.806809786,0.886303854,0.768344152,1.137630663,1.087215156,0.916117235,0.877175828,0.963602983,0.835355407,0.955683766,0.805285287,0.771055015,0.847026205,0.734294033,0.866908283
N-carbamoyl-beta-alanine,1.22684237,1.061120483,1.058523249,0.864919984,0.862802977,1.108485105,1.359936493,1.17623625,1.173357255,1.030398466,0.935973065,1.037512201,1.272863928,1.100925448,1.098230786,0.908360305,1.006903868,1.235312328,1.068446319,1.065831154,0.997552366
NAD,1.046128043,0.978935414,0.988669278,0.935770168,0.945074825,1.029450476,1.076937012,1.007765528,1.017786058,1.008144546,0.961748794,0.990072753,1.035742872,0.969217281,0.978854514,0.953979067,0.982074205,1.027375366,0.961387218,0.970946594,1.009943315
NADP,1.01959485,0.968738725,0.914000632,0.950121241,0.89643512,0.93358438,0.951877826,0.904399341,0.853296713,0.95336081,1.041638877,0.972457785,0.991512949,0.942057514,0.88882703,1.092596701,1.020031214,1.040018573,0.988143737,0.932309174,0.943495505
niacinamide,1.062669334,1.069507961,0.89596481,1.006435329,0.843126626,1.133923983,1.204986244,1.212740727,1.015955987,0.991511336,0.857930149,0.972827572,1.033794028,1.040446833,0.871619271,0.865275179,0.981156278,1.042644689,1.04935445,0.879081499,0.837735522
NMMA,0.979675563,0.976648154,1.016928674,0.996909784,1.038025967,1.126773518,1.103872481,1.100461276,1.1458483,1.021569155,1.011814711,1.140086022,1.116914416,1.113462909,1.159386167,0.99045151,1.116014532,1.093332165,1.089953533,1.134907179,1.041243635
oleylcarnitine,0.957093567,1.066402913,0.859657138,1.114209677,0.898195503,0.825163488,0.789758666,0.879956748,0.709357682,1.170259034,1.170485593,0.965841975,0.92440114,1.029976696,0.830292948,1.000193598,0.825323238,0.789911561,0.880127105,0.709495013,0.806127897
ornithine,1.002274555,0.983834873,1.028580111,0.981602165,1.026245858,1.085302854,1.087771436,1.067758796,1.11632093,0.962493872,0.961742044,1.043781386,1.046155524,1.026908527,1.073612773,0.999218876,1.084455098,1.086921751,1.066924744,1.115448945,1.045480434
oxalate,0.994610599,1.015556916,0.993635254,1.021059817,0.99901937,0.975763475,0.970504694,0.990943345,0.969552989,1.029435353,0.980723617,0.956954284,0.951796874,0.971841541,0.950863513,0.952681112,0.929591432,0.924581491,0.944053008,0.923674819,0.978414148
palmitoylcarnitine,0.975347335,1.0701457,0.868459123,1.097194467,0.890410104,0.833313515,0.812770117,0.891766875,0.723698724,1.13653862,1.067122198,0.88924735,0.867325033,0.951624228,0.772274974,0.938922954,0.782417187,0.763128519,0.837300389,0.679497344,0.811533535
pantothenate,1.044327245,1.02388727,1.036196961,0.980427614,0.992214811,1.076535067,1.124254901,1.10225055,1.115502365,1.25251925,1.152488797,1.240694605,1.295691179,1.270331411,1.285603979,0.920136595,0.990559311,1.034468076,1.014221068,1.026414547,1.012022506
PEP,1.100469677,1.073947933,1.076317281,0.975899614,0.978052648,0.899916517,0.990330838,0.966463483,0.968595698,1.026318099,1.06008152,0.953984869,1.04983142,1.024530077,1.0267904,1.032897618,0.929521627,1.022910364,0.998257829,1.00046019,1.002206204
phenylalanine,0.897830784,0.902491928,0.818764226,1.005191562,0.911936014,1.319828784,1.184982912,1.191134824,1.080628594,1.043239608,0.886068946,1.1694593,1.04997656,1.055427578,0.957511439,0.849343659,1.120988209,1.006457723,1.01168281,0.917825044,0.907226093
phosphocreatine,0.856425243,1.01496127,0.999705918,1.185113678,1.167300855,1.314112932,1.125439487,1.33377373,1.313726475,1.166086402,0.850066385,1.11708323,0.956698276,1.133796213,1.116754715,0.728990908,0.957976379,0.820435153,0.972308922,0.957694656,0.984969523
pipecolic acid,1.00161267,0.863586807,0.916349024,0.862196369,0.914873635,1.055507716,1.057209901,0.911522538,0.967213465,1.219215473,1.242785906,1.311770113,1.313885565,1.132827364,1.202039263,1.019332459,1.075913276,1.077648368,0.929144511,0.98591208,1.061096599
proline,1.048631559,1.01076595,1.039482748,0.963890454,0.991275476,1.02067433,1.070311314,1.031662859,1.060973358,0.959933314,1.022144935,1.043277097,1.094013289,1.054508966,1.084468544,1.064808274,1.086822471,1.139676343,1.098523148,1.12973321,1.028410928
propionylcarnitine,0.869876416,1.001085061,0.865805937,1.150835961,0.995320624,1.115758704,0.970572182,1.116969371,0.96603051,1.140317079,1.099977651,1.227309638,1.067607709,1.228641345,1.062611972,0.964624376,1.076288044,0.936237586,1.077455882,0.931856578,0.864867503
putrescine,0.983857499,0.843221167,0.986451286,0.857056197,1.002636344,1.020929762,1.004449403,0.860869585,1.007097477,0.835280749,1.003387668,1.024388334,1.007852144,0.863785926,1.010509189,1.201257983,1.226400027,1.206602864,1.034126462,1.209783884,1.169860678
pyroglutamic acid,1.220747184,1.192241059,1.151758787,0.976648625,0.943486745,0.999733864,1.220422299,1.191923761,1.151452262,1.027643872,0.907108283,0.906866869,1.107055176,1.081203916,1.044491885,0.882706848,0.882471928,1.07727512,1.052119266,1.016394797,0.966045229
ribose-5-P/ribulose5-P,0.982842516,0.915393342,0.974078309,0.931373366,0.991082797,1.213399623,1.192580738,1.110737936,1.181946253,0.904980531,0.876842322,1.063960143,1.045705263,0.973942031,1.036380496,0.968907387,1.175671858,1.155500287,1.076202191,1.145196455,1.064109017
sarcosine,0.993946794,1.047664041,0.996825769,1.054044388,1.002896508,0.976615185,0.970703533,1.023164611,0.973515183,1.017829751,1.074330595,1.049207573,1.042856504,1.099217046,1.045877146,1.055511095,1.030828163,1.024588349,1.079961599,1.027556077,0.951474643
SDMA/ADMA,0.971217782,0.973225766,0.996429784,1.002067491,1.025959164,1.119192236,1.086979401,1.089226721,1.115196478,1.005429237,0.991669928,1.109869284,1.077924784,1.080153384,1.105906811,0.98631499,1.103876079,1.072104077,1.074320642,1.099935003,1.02384238
serine,0.955262411,1.033920856,0.957547481,1.082342239,1.002392086,0.980995213,0.937107852,1.014271411,0.939349495,1.005841968,0.987654022,0.968883868,0.925538339,1.001749238,0.927752307,0.981917691,0.963256554,0.920162778,0.995931041,0.922363887,0.926132281
serotonin,0.805031915,0.858828539,1.011723097,1.066825455,1.256749053,1.325489156,1.067061074,1.138367916,1.341027994,1.338252957,1.063163511,1.409211705,1.134460398,1.21027123,1.42573203,0.794441369,1.05302342,0.84771746,0.904366565,1.065368115,1.178026871
sorbitol,0.866061336,0.93195348,0.952862858,1.076082538,1.100225606,1.162024093,1.006384137,1.082952397,1.107249598,1.026567166,1.035473108,1.203244698,1.04208371,1.121368084,1.146527182,1.008675459,1.172105185,1.015114982,1.092347507,1.116855496,1.022436074
stearoylcarnitine,0.952513776,1.006464868,0.867035961,1.056640747,0.910260809,0.894631196,0.852148539,0.900414868,0.775677419,1.108638317,1.010067295,0.903637712,0.860727369,0.90947961,0.783486392,0.911088205,0.81508793,0.776382483,0.820357366,0.706710547,0.861466693
succinate/methylmalonate,0.988436219,1.004949435,1.026644397,1.016706406,1.038655178,1.131536146,1.11845131,1.137136611,1.161685244,0.909419613,0.8935049,1.011033091,0.999341725,1.016037134,1.037971457,0.982500143,1.111734425,1.098878572,1.117236883,1.141355919,1.021588112
sucrose,0.866201793,0.928936562,1.001014153,1.07242512,1.155636205,1.205994846,1.044634898,1.120292706,1.207217909,1.069995888,0.957024873,1.154167065,0.999741581,1.072147985,1.155337567,0.894419206,1.078664953,0.934341516,1.002011313,1.079758884,1.077591511
taurine,0.902949839,0.878626563,0.877372676,0.973062429,0.971673772,1.03252087,0.932314553,0.907200263,0.905905598,0.980292209,1.01506261,1.048073329,0.946357643,0.920865067,0.919550901,1.035469425,1.069143791,0.965383214,0.939378135,0.938037549,0.998572901
taurocholate,1.118539063,1.067428845,1.130298013,0.954306274,1.010512776,1.071096455,1.198063225,1.143319252,1.210658195,1.019995231,0.823051297,0.881567326,0.986067491,0.941010393,0.996433797,0.806916809,0.864285734,0.966737354,0.922563522,0.976900447,1.05889776
taurodeoxycholate/taurochenodeoxycholate,1.336526082,1.362930646,0.867364257,1.019756116,0.648969196,0.953282887,1.274087442,1.299258461,0.826843503,0.889695823,0.875743292,0.834831094,1.115773531,1.137816882,0.724102652,0.984317639,0.938333161,1.254106744,1.278883022,0.813876645,0.636396474
thiamine,0.95689885,0.977938179,0.932141356,1.021986994,0.974127366,1.184095738,1.133059849,1.157972429,1.103744607,1.021844624,0.878503099,1.040231776,0.995396589,1.017282368,0.969643058,0.859722778,1.017994077,0.974117362,0.995535274,0.94891438,0.953170023
threonine,0.875681772,0.892238739,0.839800721,1.018907517,0.959025011,1.254914092,1.098905395,1.119682967,1.053877759,1.097214587,0.913573542,1.146456311,1.003930894,1.022912734,0.962794836,0.832629781,1.044878845,0.914981358,0.932281384,0.877490007,0.941228713
thymidine,1.209918437,1.055862284,1.211451367,0.872672282,1.001266969,0.884862812,1.07061183,0.93429327,1.071968263,1.047833253,1.063231305,0.940813843,1.138308014,0.993369853,1.139750215,1.014695137,0.897865992,1.086344617,0.948022837,1.087720983,1.147357363
thymine,0.896933203,0.974286215,1.08398161,1.086241665,1.208542181,1.071299302,0.960883914,1.043752142,1.161268742,1.075181936,1.023805324,1.096801928,0.983758067,1.068599,1.18891312,0.95221589,1.020108218,0.914968931,0.993877375,1.105778548,1.112590523
thyroxine,0.999789997,1.003395727,1.01884893,1.003606487,1.019062936,1.204601071,1.204348101,1.208691567,1.227306512,1.064359214,0.916567463,1.104098147,1.103866284,1.107847363,1.124909216,0.861144857,1.037336016,1.037118173,1.040858526,1.05688869,1.015400906
trimethylamine-N-oxide,0.925496508,0.996842926,0.99980359,1.077089883,1.080288884,1.087395938,1.006381143,1.083962948,1.087182362,0.939650484,0.882643219,0.959782651,0.888275492,0.956752546,0.95959414,0.939331416,1.021425166,0.945325424,1.01820045,1.021224547,1.002970041
tryptophan,0.896153275,0.902917676,0.841208036,1.007548263,0.938687677,1.250951543,1.121044323,1.129506261,1.052310491,1.011895491,0.906613751,1.134129871,1.016354199,1.024025908,0.954039162,0.895955916,1.120797435,1.004406293,1.011987816,0.94282381,0.931655298
tyrosine,0.914867305,0.905495942,0.803414016,0.989756587,0.878175459,1.324999894,1.212199083,1.199782027,1.064523486,1.032460452,0.885031278,1.17266635,1.072834104,1.061844621,0.942136581,0.857205985,1.135797839,1.039104308,1.028460334,0.912515903,0.887264071
UDP-galactose/UDP-glucose,0.987041539,0.88325308,0.991000927,0.894848945,1.004011369,1.112127212,1.097715755,0.982289785,1.102119098,0.888831738,0.909319462,1.011278918,0.998174299,0.893215219,1.002178345,1.023050171,1.137761935,1.123018291,1.004931733,1.127523132,1.121989778
UMP,1.010192866,1.018453259,1.001662473,1.008177046,0.991555679,0.921221962,0.930611854,0.93822151,0.922753469,0.851681707,0.87814767,0.80896892,0.817214632,0.823897033,0.810313809,1.031074946,0.949848885,0.959530567,0.967376693,0.951427983,0.983513444
uracil,0.885720756,0.983111231,1.000523023,1.109956185,1.129614516,1.132385461,1.002977306,1.113260865,1.132977724,0.864011351,0.879802021,0.996275017,0.882421461,0.979449159,0.996796091,1.018275998,1.153080935,1.021307717,1.133606818,1.153684023,1.017710907
urate,0.904108217,0.857127013,1.02385027,0.948035862,1.132442169,1.145530694,1.035683714,0.981865302,1.172851911,0.947264759,1.071867843,1.227857514,1.110116068,1.052429843,1.257142248,1.13153987,1.296213653,1.171917415,1.111019736,1.327128699,1.194514063
uridine,1.06452743,1.047548428,0.956355272,0.984050198,0.898384809,0.931721436,0.991843026,0.976023326,0.891056708,0.823329211,0.835817635,0.778749207,0.828999892,0.815777508,0.74476091,1.015168202,0.945853976,1.006887502,0.990827846,0.904572436,0.912946119
valerylcarnitine/isovalerylcarnitine/2-methylbutyroylcarnitine,0.915994115,0.90781943,0.819226038,0.991075615,0.894357316,1.001291493,0.917177115,0.908991873,0.820284063,1.27326593,1.227254172,1.228839162,1.125609441,1.115564068,1.006697038,0.963863198,0.965108021,0.884033267,0.876143814,0.79064162,0.902410777
valine,0.912840469,0.925153026,0.8968249,1.013488181,0.982455238,1.226755606,1.119832163,1.134936662,1.100184975,1.07107561,0.929987021,1.140866792,1.041429377,1.055476365,1.023157747,0.868273922,1.065159902,0.972321065,0.985435907,0.955261923,0.969380064
xanthine,1.028705784,1.031400768,1.072113979,1.002619781,1.0421969,1.106753417,1.138523641,1.141506324,1.186565809,1.007542777,1.033490874,1.143819555,1.176653792,1.179736368,1.226304935,1.025753841,1.135256568,1.167844997,1.170904496,1.217124436,1.039473706
xanthosine,0.945160623,0.978709505,1.011613108,1.035495429,1.07030814,1.122532954,1.060973946,1.098633672,1.135569051,1.053445085,1.035636952,1.162536607,1.098783824,1.137785627,1.17603727,0.983095338,1.103556914,1.04303854,1.080061641,1.11637264,1.033619376
