,L428_HAEMATOPOIETIC_AND_LYMPHOID_TISSUE.HDLM2_HAEMATOPOIETIC_AND_LYMPHOID_TISSUE,KMH2_HAEMATOPOIETIC_AND_LYMPHOID_TISSUE.HDLM2_HAEMATOPOIETIC_AND_LYMPHOID_TISSUE,L540_HAEMATOPOIETIC_AND_LYMPHOID_TISSUE.HDMYZ_HAEMATOPOIETIC_AND_LYMPHOID_TISSUE,HDLM2_HAEMATOPOIETIC_AND_LYMPHOID_TISSUE.HDMYZ_HAEMATOPOIETIC_AND_LYMPHOID_TISSUE,L428_HAEMATOPOIETIC_AND_LYMPHOID_TISSUE.HDMYZ_HAEMATOPOIETIC_AND_LYMPHOID_TISSUE,KMH2_HAEMATOPOIETIC_AND_LYMPHOID_TISSUE.HDMYZ_HAEMATOPOIETIC_AND_LYMPHOID_TISSUE,L1236_HAEMATOPOIETIC_AND_LYMPHOID_TISSUE.HS611T_HAEMATOPOIETIC_AND_LYMPHOID_TISSUE,TO175T_HAEMATOPOIETIC_AND_LYMPHOID_TISSUE.HS611T_HAEMATOPOIETIC_AND_LYMPHOID_TISSUE,HDMYZ_HAEMATOPOIETIC_AND_LYMPHOID_TISSUE.HS611T_HAEMATOPOIETIC_AND_LYMPHOID_TISSUE,L540_HAEMATOPOIETIC_AND_LYMPHOID_TISSUE.HS611T_HAEMATOPOIETIC_AND_LYMPHOID_TISSUE,HDLM2_HAEMATOPOIETIC_AND_LYMPHOID_TISSUE.HS611T_HAEMATOPOIETIC_AND_LYMPHOID_TISSUE,L428_HAEMATOPOIETIC_AND_LYMPHOID_TISSUE.HS611T_HAEMATOPOIETIC_AND_LYMPHOID_TISSUE,KMH2_HAEMATOPOIETIC_AND_LYMPHOID_TISSUE.HS611T_HAEMATOPOIETIC_AND_LYMPHOID_TISSUE,TO175T_HAEMATOPOIETIC_AND_LYMPHOID_TISSUE.L1236_HAEMATOPOIETIC_AND_LYMPHOID_TISSUE,HDMYZ_HAEMATOPOIETIC_AND_LYMPHOID_TISSUE.L1236_HAEMATOPOIETIC_AND_LYMPHOID_TISSUE,L540_HAEMATOPOIETIC_AND_LYMPHOID_TISSUE.L1236_HAEMATOPOIETIC_AND_LYMPHOID_TISSUE,HDLM2_HAEMATOPOIETIC_AND_LYMPHOID_TISSUE.L1236_HAEMATOPOIETIC_AND_LYMPHOID_TISSUE,L428_HAEMATOPOIETIC_AND_LYMPHOID_TISSUE.L1236_HAEMATOPOIETIC_AND_LYMPHOID_TISSUE,KMH2_HAEMATOPOIETIC_AND_LYMPHOID_TISSUE.L1236_HAEMATOPOIETIC_AND_LYMPHOID_TISSUE,KMH2_HAEMATOPOIETIC_AND_LYMPHOID_TISSUE.L428_HAEMATOPOIETIC_AND_LYM,HDLM2_HAEMATOPOIETIC_AND_LYMPHOID_TISSUE.L540_HAEMATOPOIETIC_AND_LYMPHOID_TISSUE,L428_HAEMATOPOIETIC_AND_LYMPHOID_TISSUE.L540_HAEMATOPOIETIC_AND_LYMPHOID_TISSUE,KMH2_HAEMATOPOIETIC_AND_LYMPHOID_TISSUE.L540_HAEMATOPOIETIC_AND_LYMPHOID_TISSUE,HDMYZ_HAEMATOPOIETIC_AND_LYMPHOID_TISSUE.TO175T_HAEMATOPOIETIC_AND_LYMPHOID_TISSUE,L540_HAEMATOPOIETIC_AND_LYMPHOID_TISSUE.TO175T_HAEMATOPOIETIC_AND_LYMPHOID_TISSUE,HDLM2_HAEMATOPOIETIC_AND_LYMPHOID_TISSUE.TO175T_HAEMATOPOIETIC_AND_LYMPHOID_TISSUE,L428_HAEMATOPOIETIC_AND_LYMPHOID_TISSUE.TO175T_HAEMATOPOIETIC_AND_LYMPHOID_TISSUE,KMH2_HAEMATOPOIETIC_AND_LYMPHOID_TISSUE.TO175T_HAEMATOPOIETIC_AND_LYMPHOID_TISSUE
Metabolite ,Ratio,Ratio,Ratio,Ratio,Ratio,Ratio,Ratio,Ratio,Ratio,Ratio,Ratio,Ratio,Ratio,Ratio,Ratio,Ratio,Ratio,Ratio,Ratio,Ratio,Ratio,Ratio,Ratio,Ratio,Ratio,Ratio,Ratio,Ratio
1-methylnicotinamide,1.193942512,0.740286046,0.561079585,0.63993443,0.764044921,0.473734529,0.790495622,1.78103455,1.52996674,0.858433104,0.979078394,1.168963318,0.724798073,2.253060611,1.935452515,1.085942895,1.238562702,1.478772664,0.916890685,0.620034917,1.140541283,1.361740725,0.844326797,0.8590326,0.481985655,0.549724537,0.656339495,0.406953404
2-aminoadipate,1.012091868,0.956943925,0.992177536,0.983898591,0.995795763,0.941535779,1.000138377,1.126262005,1.079625735,1.071180402,1.06224224,1.075086733,1.016506258,1.126106178,1.07947636,1.071032195,1.06209527,1.074937986,1.016365616,0.945510931,0.991655782,1.003646754,0.948958977,0.958591988,0.951093437,0.943157307,0.954561841,0.902548655
2-deoxyadenosine,0.997414516,0.997551214,0.870535887,0.958524309,0.956046059,0.956177088,0.669770648,0.714553232,1.007211625,0.876813866,0.965436827,0.962940705,0.963072679,1.066862565,1.503815714,1.309125546,1.441443917,1.437717086,1.43791413,1.000137053,1.101073859,1.09822705,1.098377565,1.409568358,1.22707984,1.351105535,1.347612273,1.347796968
2-deoxycytidine,1.062792233,0.871881152,0.990011423,0.853776253,0.907386771,0.744391423,0.786190323,0.765129822,0.984811998,0.974975127,0.840809098,0.893605379,0.733085605,0.973211956,1.252638159,1.240126086,1.069472714,1.136627294,0.932453102,0.820368389,0.862390306,0.916541719,0.751901853,1.287117519,1.274261046,1.098910373,1.167913409,0.958119242
2-hydroxyglutarate,0.973333855,1.095456786,0.918378439,0.934938159,0.910006962,1.024184351,1.024447614,1.071546771,1.133097337,1.040612163,1.059375938,1.031126465,1.160500561,1.045975175,1.106056885,1.015778796,1.034094788,1.006519466,1.132806153,1.125468698,1.018031477,0.990884502,1.115209491,1.057440857,0.971130884,0.988641809,0.962278542,1.083014378
3-methyladipate/pimelate,1.029872378,0.994864722,0.971988727,1.047666792,1.078963091,1.042286732,0.930056177,0.964250099,0.928039836,0.902044259,0.972276518,1.001320729,0.967283608,1.036765438,0.997832023,0.969881478,1.045395475,1.076623923,1.040027078,0.966007773,1.077858995,1.110057206,1.072323889,0.962447229,0.935487857,1.008324002,1.038445037,1.003145978
3-phosphoglycerate,0.981190414,0.981442398,0.931553389,0.884236933,0.867604802,0.867827616,0.892861207,0.938279533,1.035038725,0.964193832,0.915219468,0.898004568,0.898235189,1.050868293,1.159238094,1.079892175,1.025041137,1.005760538,1.006018831,1.000256814,0.949206931,0.931352741,0.931591926,1.103124056,1.027618953,0.975423032,0.957075729,0.95732152
4-pyridoxate,0.959749769,1.021889503,1.069214363,1.110502899,1.065804901,1.134811256,1.017900644,1.060123467,0.967409801,1.034368453,1.074311388,1.031070106,1.097827531,1.0414803,0.950397081,1.016178209,1.055418714,1.012937867,1.078521305,1.064745767,1.038615771,0.996811246,1.061350554,0.912544463,0.975705647,1.013383272,0.972594361,1.035565729
5-adenosylhomocysteine,0.966131864,1.087660088,1.028435246,0.920580921,0.889402561,1.001279125,0.953408719,0.994661524,1.091457821,1.122493693,1.004775246,0.970745381,1.092853932,1.043268751,1.1447953,1.177347836,1.053876711,1.018183872,1.146259636,1.125788444,0.895127743,0.864811435,0.973594719,1.097315816,1.128518261,1.010168004,0.975955497,1.09871942
5-HIAA,0.979043247,0.965354769,1.034936892,1.134843106,1.111060479,1.095526205,1.012646923,0.954230098,0.903199946,0.934754945,1.024990233,1.003509765,0.989479209,0.942312741,0.891919904,0.923080813,1.012189155,0.990976956,0.977121627,0.986018516,1.09653363,1.073553845,1.058543969,0.946522173,0.979590716,1.074154164,1.05164338,1.036939844
6-phosphogluconate,0.975562014,0.82053215,0.972206584,1.144006929,1.116049704,0.938694465,1.056428426,1.095182379,1.047102107,1.017999562,1.197892065,1.168617996,0.982908952,1.036683936,0.991171839,0.963623788,1.133907452,1.106197038,0.93040752,0.841086613,1.176711768,1.147955303,0.965529838,0.956098388,0.929525148,1.09378318,1.067053323,0.897484265
acetylcarnitine,0.806196173,0.966674773,0.933470896,0.976900388,0.787573354,0.944344961,1.092021792,0.964973169,1.098763647,1.025663886,1.073382633,0.865356971,1.037611913,0.883657429,1.006173736,0.939233899,0.982931514,0.792435624,0.950175098,1.199056515,1.046524742,0.843704241,1.011649068,1.138646837,1.062893683,1.112344537,0.896767909,1.075275403
acetylcholine,0.956018096,0.868098369,0.959220554,0.715159842,0.68370575,0.620829093,0.734422021,0.909524589,0.989774394,0.949411942,0.707846899,0.676714444,0.614480739,1.238422274,1.347691608,1.29273349,0.963814917,0.921424502,0.836686158,0.9080355,0.745563509,0.712772206,0.647222466,1.088232694,1.043855168,0.778260322,0.744030951,0.675606516
acetylglycine,0.98777883,0.881440825,1.036241684,1.09623326,1.082836007,0.966264749,0.985078088,0.943500563,0.952761507,0.987291188,1.044448852,1.031684465,0.920619858,0.95779266,0.967193889,1.002246624,1.06027011,1.047312368,0.93456536,0.892346342,1.057893421,1.044964726,0.93247045,1.009815515,1.04641293,1.106993354,1.0934646,0.975749135
aconitate,0.964865557,1.069550416,0.967421442,0.893018915,0.861643192,0.955128752,1.179957377,1.09010396,1.245761126,1.205176025,1.112488249,1.073401593,1.189862269,0.923850286,1.055767904,1.021372508,0.942820708,0.909695227,1.00839428,1.108496835,0.923091918,0.890659597,0.987293345,1.142791121,1.105560634,1.020534087,0.98467819,1.091512657
adenine,1.044816646,0.99488863,1.106617968,0.924671719,0.966112405,0.91994538,1.029241027,0.903945071,1.086941878,1.202829412,1.005064415,1.050108031,0.999927158,0.878263737,1.056061554,1.16865669,0.976510253,1.020274167,0.971518947,0.952213609,0.835583504,0.873031555,0.831312527,1.202442397,1.330644362,1.111864479,1.161694516,1.106181328
adenosine,1.123579597,1.223550813,0.854333826,0.823729517,0.925525679,1.007874921,0.667452526,0.971350935,1.032204682,0.881847376,0.850257465,0.955331939,1.040333212,1.455310899,1.546484046,1.321213632,1.273884557,1.431310696,1.558662485,1.088975643,0.964177575,1.083330251,1.179720256,1.06264857,0.907856619,0.875334993,0.983508539,1.071016843
adipate,0.924421464,0.95185486,0.983549175,1.076079308,0.994750809,1.024271319,0.961083161,0.984602728,0.939133816,0.92368429,1.010582468,0.934204124,0.961927833,1.024471938,0.977161868,0.961086749,1.051503667,0.972032559,1.000878876,1.029676287,1.094077791,1.011388993,1.041403263,0.953820043,0.938128916,1.026386012,0.94881326,0.976970514
alanine,0.936328378,0.978292999,0.867380562,0.854461717,0.800056754,0.835913916,0.987495733,0.880566922,1.032665346,0.895713848,0.882373005,0.826190885,0.863219334,0.891717192,1.045741578,0.907055918,0.893546145,0.836652613,0.874149938,1.044818273,0.985105909,0.922382619,0.963722215,1.172727842,1.017201335,1.002051046,0.938248831,0.980299523
allantoin,0.922405086,0.970995451,0.996617429,0.97210309,0.896672834,0.943907678,0.97692121,0.932769192,0.904844366,0.901783666,0.879602004,0.811349362,0.854089545,0.954804935,0.926220413,0.923087406,0.900381725,0.830516683,0.874266559,1.052677902,0.975402458,0.899716188,0.94711135,0.970062449,0.966781143,0.943000703,0.869828645,0.915649393
alpha-glycerophosphate,1.249479068,1.266416409,1.008209326,0.83557114,1.044028649,1.058181002,1.311411222,1.169381446,1.302394658,1.31308644,1.088243389,1.359737335,1.378169285,0.891696995,0.993124533,1.001277416,0.829826198,1.036850465,1.050905514,1.013555522,0.828767518,1.035527665,1.049564783,1.113746641,1.12288975,0.930614551,1.162783401,1.178545537
alpha-glycerophosphocholine,0.96258092,0.953424646,0.942119237,1.098860737,1.057742379,1.047680909,1.10989496,1.003266277,1.130793944,1.065342728,1.242585066,1.196088676,1.184711226,0.903929032,1.018829695,0.959859055,1.11955195,1.077659346,1.067408421,0.990487787,1.166371191,1.122726654,1.112047039,1.127112482,1.061874352,1.238539653,1.192194639,1.180854229
alpha-hydroxybutyrate,1.081951676,0.967662891,1.082355518,1.083474856,1.172267436,1.048438412,0.978941561,0.987455635,0.916920707,0.992434187,0.993460531,1.074876286,0.961334889,1.008697224,0.936644988,1.013782871,1.014831293,1.097998418,0.982014583,0.89436794,1.001034168,1.083070596,0.968663618,0.928569015,1.005041798,1.00608118,1.088531219,0.973547424
alpha-ketoglutarate,0.951069464,1.129554345,1.006790872,0.906264313,0.861920315,1.023674793,0.969278854,1.017773775,1.117531876,1.125120891,1.012779258,0.963223426,1.143989211,1.050031959,1.152951878,1.160781426,1.044879142,0.993752645,1.180247775,1.187667555,0.9001515,0.856106605,1.016770038,1.098015987,1.105472472,0.995092705,0.946402285,1.124011288
AMP,1.028577802,1.107585815,1.096504068,0.998881453,1.02742729,1.106346928,0.981307966,0.905116137,1.031398795,1.130932975,1.030245127,1.059687269,1.141084889,0.922356862,1.051044963,1.152475079,1.04986932,1.079872278,1.162820367,1.07681287,0.910969217,0.937002715,1.008976583,1.139520945,1.249489352,1.138246337,1.170774916,1.260705497
anserine,0.888212248,0.955441293,0.960938321,0.994253979,0.883108562,0.949951307,0.963827592,0.920973648,0.894056368,0.859133025,0.888919101,0.789548833,0.849310015,0.955537749,0.927610265,0.89137625,0.922280197,0.819180567,0.881184584,1.075690292,1.034669924,0.919006499,0.98856637,0.970773018,0.932852994,0.965194936,0.857297964,0.922187098
anthranilic acid,0.984715334,0.965295916,0.97217251,1.099228668,1.082427325,1.061080944,1.028318181,0.93030755,0.899051939,0.87403358,0.988263665,0.973158385,0.95396688,0.90468842,0.874293537,0.849964142,0.96104852,0.946359214,0.927696211,0.980279156,1.130693017,1.113410752,1.091453352,0.966402926,0.939510358,1.062297802,1.046060934,1.025431729
arachidonyl_carnitine,0.916273711,0.876712468,1.115278375,1.217194722,1.115283526,1.067129789,1.001314725,1.04436612,0.944998488,1.053936378,1.150247172,1.053941245,1.008436037,1.042994868,0.943757705,1.05255256,1.148736898,1.052557421,1.007111961,0.956823771,1.091381981,1.000004618,0.95682819,0.904853642,1.0091637,1.101383078,1.00916836,0.965596277
arginine,0.826595664,0.947681181,0.942243428,1.020536025,0.843570653,0.967142785,0.999526788,0.923940941,0.913906224,0.861122133,0.932674225,0.77094447,0.883877811,0.924378368,0.9143389,0.861529819,0.933115786,0.771309463,0.88429627,1.146486997,1.083091688,0.895278893,1.02642561,0.989139222,0.932009931,1.00945221,0.83440882,0.956638862
asparagine,0.881355059,1.040381759,0.889206028,0.941952559,0.830194653,0.979990261,1.004292789,0.827470622,1.012935393,0.900708257,0.954137086,0.840933548,0.99266682,0.823933648,1.008605662,0.896858234,0.950058684,0.837339028,0.988423725,1.180434319,1.059318684,0.933635881,1.102095836,1.22413457,1.088507838,1.153076691,1.016269975,1.199639956
aspartate,1.028277213,1.066571113,1.072513294,0.971267681,0.998732424,1.035926052,0.948329889,0.856078263,0.889940316,0.95447282,0.864370267,0.88881225,0.921912358,0.90272201,0.938429049,1.006477631,0.911465806,0.937239519,0.9721431,1.037240833,0.905599666,0.931207501,0.965886444,1.039554857,1.114936404,1.009686035,1.038237142,1.076901958
beta-alanine,0.961933781,1.111767766,0.947436619,0.904547561,0.870114855,1.005646821,0.91269108,0.905559065,1.016551425,0.963118045,0.919519112,0.884516496,1.022291709,0.99218573,1.113795727,1.055250858,1.007481208,0.969130208,1.120085133,1.155763306,0.954731476,0.918388458,1.06143968,1.122567775,1.063561817,1.015415943,0.976762897,1.128906715
betaine,0.861951564,0.935542352,0.965641155,1.002974579,0.864515507,0.938325196,0.980564191,0.951109006,0.94461704,0.912161089,0.947426878,0.816636079,0.886357969,0.969960982,0.963340339,0.930241077,0.96620587,0.832822661,0.903926512,1.085376941,1.038661799,0.895276162,0.971712102,0.99317432,0.959049997,0.996128595,0.8586146,0.931920488
butyrobetaine,0.918028515,0.992561142,0.957700389,0.983014424,0.902435272,0.975701919,1.077870675,0.997741983,1.068504421,1.023307099,1.050355257,0.964256077,1.042541813,0.925660198,0.99131041,0.949378365,0.974472431,0.894593479,0.967223469,1.081187703,1.026432103,0.942293939,1.01879662,1.070922582,1.025622973,1.052732345,0.966438312,1.044901218
butyrylcarnitine/isobutyrylcarnitine,0.999772175,1.136795275,0.935314271,0.974566627,0.974344597,1.107882737,1.058958883,0.958876455,1.056148661,0.987830915,1.029287238,1.029052741,1.170088869,0.905489789,0.997346241,0.932832172,0.971980362,0.971758921,1.104942683,1.137054325,1.041967023,1.041729637,1.184503189,1.10144394,1.030196236,1.073430505,1.073185951,1.220270727
C14:0 CE,0.884727052,0.93947828,0.995825747,1.0181692,0.900801835,0.956547849,1.024703942,1.015076855,1.058917197,1.054497009,1.078156876,0.953874555,1.012904968,0.990605007,1.033388429,1.029074805,1.052164271,0.930878194,0.98848548,1.061884881,1.022437111,0.904577772,0.960557459,1.043189184,1.038834649,1.062143098,0.939706732,0.997860371
C14:0 LPC,0.947538189,0.962229982,1.18347753,1.186888465,1.124622147,1.142059666,0.902722663,1.015798403,0.893932136,1.057948596,1.060997741,1.005335878,1.020923837,1.125260775,0.990262206,1.17195307,1.17533079,1.113670808,1.130938524,1.015505225,1.002882129,0.950269117,0.965003253,0.880029082,1.041494644,1.044496366,0.989700195,1.005045719
C14:0 SM,1.034088767,1.032732491,1.029085438,0.977481389,1.010802525,1.00947679,1.040957165,1.013715517,1.050306675,1.080855305,1.026655228,1.06165264,1.060260211,0.973830192,1.008981647,1.03832832,0.986260782,1.019881197,1.018543554,0.998688433,0.949854456,0.982233824,0.980945559,1.036096082,1.066231391,1.012764638,1.047288536,1.045914947
C16:0 CE,0.959358989,0.928622379,1.022912086,1.002453967,0.961713225,0.930901188,1.116975558,1.107597242,1.082900302,1.107711807,1.085557704,1.041439542,1.008073177,0.991603831,0.969493284,0.991706398,0.971872389,0.932374513,0.90250245,0.967961305,0.98000012,0.940171925,0.910050043,0.977702238,1.000103436,0.980101487,0.940269172,0.910144175
C16:0 LPC,1.043374418,1.03075966,1.050554262,0.944573609,0.98554394,0.973628372,0.994673716,1.132185414,1.069805712,1.12388895,1.010510242,1.054340536,1.041593194,1.138248047,1.075534313,1.129907156,1.015921327,1.059986324,1.047170722,0.987909654,0.899119297,0.938118073,0.926775901,0.94490328,0.992672168,0.892530701,0.931243701,0.919984642
C16:0 LPE,1.020452224,1.080454282,1.121480053,1.038372003,1.059609019,1.121913477,0.987414298,1.063545853,0.967895574,1.085475579,1.005035666,1.02559088,1.085895088,1.077101938,0.980232488,1.099311183,1.017845972,1.038663186,1.099736039,1.058799478,0.925894313,0.944830911,1.000386475,0.910064734,1.020619446,0.944985741,0.9643128,1.02101389
C16:0 SM,1.019372647,0.996140917,1.028438683,1.015592907,1.03526763,1.011673649,1.036577934,1.018967684,1.057276218,1.087343761,1.073762227,1.094563844,1.06961849,0.983011166,1.019967899,1.048974443,1.035872163,1.055939749,1.031874647,0.977209777,0.987509439,1.006640111,0.983698558,1.037595436,1.067103283,1.053774564,1.074188967,1.049707961
C16:1 CE,0.931889592,0.900742987,0.897290707,0.965834632,0.900051241,0.869968771,1.09277991,1.132061818,1.141833266,1.024556379,1.102822112,1.027708448,0.993359283,1.035946769,1.044888596,0.937568827,1.009189592,0.940453277,0.909020447,0.966576936,1.076389875,1.003076521,0.969550631,1.00863155,0.905035717,0.974171282,0.907820078,0.87747795
C16:1 LPC,0.993863389,1.02202475,0.92916191,0.973713222,0.967737923,0.995159013,0.973530284,1.070626569,1.06691523,0.991336993,1.038869466,1.032494328,1.061750307,1.099736276,1.095924028,1.018290863,1.067115716,1.060567242,1.090618673,1.028335244,1.047947846,1.041516997,1.071028635,0.996533488,0.92594096,0.970337834,0.964383248,0.991709282
C16:1 SM,1.06538605,1.069484537,0.969083256,0.919633209,0.979764392,0.983533497,1.087226704,1.108642562,1.141650873,1.106354745,1.049900056,1.118548874,1.122851875,1.019697693,1.050057793,1.017593425,0.965668018,1.028809235,1.032767013,1.00384695,0.948972344,1.011021898,1.014911248,1.029773628,0.99793638,0.947014026,1.008935533,1.012816857
C18:0 CE,0.972757864,1.027490674,1.011781147,0.893862028,0.869511317,0.918434897,1.092769588,1.112820925,1.125517703,1.138777593,1.006057537,0.978650381,1.033714736,1.018349099,1.029967997,1.042102201,0.920649283,0.89556883,0.945958551,1.056265605,0.883453927,0.859386755,0.907740671,1.011409543,1.023325108,0.904060586,0.879432044,0.92891382
C18:0 LPC,1.04506269,0.97055175,1.081025284,0.990893974,1.035546322,0.96171388,0.954745586,1.128125239,1.031497303,1.115074666,1.022104462,1.068163239,0.992005274,1.181597753,1.080389706,1.167928589,1.070551649,1.118793586,1.039025776,0.928701942,0.916624234,0.957929788,0.889631254,0.914346446,0.988431627,0.906020383,0.946848099,0.879339668
C18:0 LPE,0.981573499,1.124696402,1.027851121,0.895311109,0.878813658,1.006953183,1.003121308,1.082246399,1.115238769,1.14629942,0.998485659,0.980087063,1.122993228,1.078878886,1.111768597,1.142732599,0.995378776,0.977037428,1.119498927,1.145809664,0.871051352,0.855000924,0.979668321,1.030485082,1.059185247,0.922604741,0.905604365,1.037650233
C18:0 SM,0.9736217,1.003089488,1.025943279,0.964257876,0.938822392,0.967236939,1.123271389,1.025821935,1.140830831,1.170427723,1.100055113,1.07103753,1.103453721,0.91324496,1.015632413,1.041981248,0.979331553,0.953498451,0.982357186,1.030266158,0.939874451,0.915082161,0.942778182,1.112113898,1.140965779,1.072364585,1.04407743,1.075677643
C18:1 CE,0.976893244,0.934683727,0.912825057,0.949567168,0.927625751,0.887544979,1.109093338,1.134296902,1.145675637,1.045801429,1.08789597,1.062758223,1.01683866,1.022724475,1.032983968,0.94293365,0.980887661,0.958222529,0.916819734,0.956792088,1.040250988,1.016214162,0.97230567,1.010031532,0.921982091,0.959092781,0.936931258,0.896448415
C18:1 LPC,1.026683058,1.036412839,0.931789983,0.888230949,0.911931667,0.92057396,1.025034578,1.173589441,1.161327306,1.082113151,1.031526856,1.059051146,1.069087677,1.144926684,1.132964029,1.055684533,1.006333715,1.033185776,1.042977183,1.009476908,0.953252305,0.978687992,0.987962928,0.989551598,0.922054266,0.878950355,0.902403438,0.910955433
C18:1 LPE,1.037400338,1.052852958,0.985361861,0.949116089,0.984613352,0.999279682,0.962860931,1.059851669,1.056807248,1.041337556,1.003032762,1.040546526,1.056046011,1.100731823,1.097569975,1.081503592,1.041721322,1.080682051,1.096779375,1.014895523,0.963215776,0.999240371,1.014124579,0.997127503,0.982531412,0.946389756,0.981785053,0.996409254
C18:1 SM,0.98087715,0.975107433,0.996044305,0.959127145,0.9407859,0.935252008,1.01919987,0.986187535,1.075725492,1.07147025,1.03175752,1.012027376,1.006074427,0.967609558,1.055460783,1.051285701,1.012321087,0.992962623,0.987121817,0.994117798,0.962936227,0.944522142,0.938966273,1.090792019,1.086477178,1.046208235,1.026201752,1.020165426
C18:2 CE,0.954248274,0.839402711,0.888305395,0.966063177,0.921864119,0.81091605,1.083294406,1.126443876,1.114498268,0.990014824,1.076675737,1.027415964,0.903764533,1.039831711,1.0288046,0.913892677,0.99389024,0.948418046,0.834274162,0.879648132,1.087534965,1.037778363,0.912879798,0.989395292,0.878885176,0.955818359,0.912088019,0.802316522
C18:2 LPC,0.986045925,0.882265879,0.967783512,1.029026903,1.014667785,0.907875326,0.9157385,0.967692238,1.001107703,0.968855529,1.030166759,1.015791735,0.908880982,1.05673425,1.093224433,1.058004581,1.124957353,1.109259614,0.992511488,0.894751306,1.063282119,1.048445,0.938097534,1.034531087,1.001202129,1.064560321,1.049705367,0.939225248
C18:2 SM,1.040973756,1.093917308,1.25239017,1.073289931,1.117266651,1.174090432,1.269789338,1.117594719,1.094478814,1.370714507,1.17469309,1.222824679,1.285017103,0.880141836,0.861937316,1.079481821,0.925108642,0.963013818,1.011992356,1.050859641,0.856993257,0.89210749,0.937479757,0.979316379,1.226486207,1.051090409,1.094157531,1.149805991
C18:3 CE,0.918934763,0.895737324,0.945205044,0.965183999,0.88694113,0.864551333,1.050024747,1.082203013,1.080979527,1.021747301,1.043344143,0.958765203,0.93456229,1.030645246,1.029480048,0.973069734,0.99363767,0.913088197,0.890038347,0.974756163,1.021137165,0.938358439,0.914670672,0.998869448,0.944136441,0.964092809,0.885938397,0.863573913
C20:3 CE,0.935303283,0.872011518,0.964020417,1.005381358,0.940336484,0.876704124,1.044698816,1.114876283,1.08466715,1.045641278,1.090504132,1.019952094,0.950932163,1.067174832,1.038258236,1.000902138,1.043845475,0.9763121,0.910245277,0.932330222,1.042904632,0.975432125,0.90942485,0.9729036,0.937898934,0.978139143,0.914856751,0.852948598
C20:3 LPC,1.035170242,0.977977588,1.089239447,1.004667324,1.040001717,0.982542127,0.955932196,1.07778809,1.010303544,1.100462473,1.015018958,1.050717421,0.992665793,1.127473366,1.056877829,1.151193021,1.06181062,1.099154757,1.03842699,0.944750485,0.922356721,0.95479623,0.902044201,0.937386072,1.021037886,0.941761156,0.974883124,0.921021304
C20:4 CE,0.979342853,0.881013099,0.911536986,0.934679817,0.915371999,0.823465162,1.061911316,1.094726039,1.089119121,0.992772361,1.017977661,0.996949147,0.896851654,1.030901566,1.025621542,0.934891969,0.958627755,0.938825241,0.844563609,0.89959619,1.025388801,1.004207194,0.903380965,0.994878246,0.906868318,0.929892617,0.910683689,0.819247576
C20:4 LPC,1.027578432,1.036584426,1.006895111,0.942015075,0.967994373,0.976478156,1.083172722,1.225076032,1.173586539,1.181678549,1.105536212,1.136025167,1.14598162,1.131007094,1.083471284,1.090941939,1.020646283,1.048794106,1.057986041,1.008764289,0.935564255,0.96136565,0.969791337,0.95797037,0.964575682,0.90242253,0.927309928,0.93543714
C20:4 LPE,1.069640159,1.033178989,1.019613665,1.032757846,1.104679266,1.067023707,1.023086781,1.122129795,0.981973925,1.001234032,1.014141275,1.084766236,1.047789458,1.096808028,0.959814889,0.978640376,0.991256357,1.060287608,1.024145241,0.965912676,1.012891335,1.083429249,1.046498045,0.875098344,0.89226223,0.903764681,0.966702997,0.933750679
C20:5 CE,0.960506996,0.907480034,0.960512934,0.947489904,0.910070681,0.85982817,1.066848936,1.09177665,1.08381473,1.041018066,1.026903515,0.98634801,0.931894436,1.023365739,1.015902714,0.975787696,0.962557565,0.924543275,0.873501772,0.944792737,0.986441589,0.947484047,0.895176046,0.992707372,0.953508271,0.940580213,0.903433875,0.853557764
C22:0 SM,0.976489001,0.987472132,0.969131697,1.004435149,0.980819875,0.991851718,1.045712787,1.093658975,1.104907858,1.070801228,1.109808289,1.083715588,1.095904757,1.045850245,1.05660739,1.023991713,1.061293601,1.036341528,1.047997854,1.011247572,1.03642792,1.012060464,1.023443687,1.010285549,0.979099749,1.014766316,0.990908147,1.002053458
C22:1 SM,0.993088581,1.012634051,0.993907167,1.015380945,1.008363222,1.02820932,1.013169874,1.086962597,1.118031506,1.111219527,1.135227888,1.127381853,1.149570415,1.072833515,1.103498569,1.096775137,1.12047142,1.112727373,1.134627513,1.019681496,1.021605416,1.014544674,1.034512431,1.028583237,1.022316251,1.044403819,1.037185507,1.05759887
C22:6 CE,0.910918399,0.929599676,0.931964237,0.920443244,0.838448686,0.855643741,1.03657939,1.050142048,1.117966751,1.04190503,1.029024943,0.937357753,0.956581254,1.013084052,1.078515319,1.005137706,0.992712138,0.904279752,0.922824883,1.020508179,0.987637945,0.899657575,0.918107914,1.064586218,0.992156282,0.979891191,0.892600915,0.910906534
C22:6 LPC,1.084337151,1.045260818,0.908317466,0.855165906,0.927288162,0.893871415,0.94697634,1.033896258,1.030422284,0.935950557,0.881182006,0.955498386,0.921065025,1.09178679,1.088118299,0.988356855,0.930521671,1.008999218,0.972637843,0.963962931,0.941483499,1.020885536,0.984095813,0.99663992,0.905265446,0.85229248,0.9241724,0.890867935
C22:6 LPE,0.944929025,0.956822838,1.037966926,1.10904195,1.047965929,1.061156666,0.918095934,1.1082784,0.981969915,1.019252295,1.08904583,1.029071015,1.042023922,1.207148794,1.069572229,1.1101806,1.186200471,1.120875255,1.134983701,1.01258699,1.06847523,1.009633258,1.022341502,0.886031809,0.919671713,0.982646445,0.928531148,0.940218561
C24:0 SM,0.918659137,0.815273085,0.989324487,1.068578376,0.981659289,0.87118319,1.045757442,1.181706016,1.186103474,1.173441211,1.267444524,1.164349493,1.033313408,1.130000101,1.134205147,1.122096926,1.211987095,1.113403019,0.988100458,0.887459834,1.080109095,0.992252089,0.880583874,1.003721279,0.99300604,1.072554855,0.985312318,0.874425106
C24:1 SM,0.916403896,0.876345568,0.991010023,1.006499796,0.922360335,0.882041636,1.127781413,1.14300501,1.200064897,1.189276342,1.207865074,1.10689226,1.058507205,1.013498713,1.064093523,1.054527347,1.071009914,0.981477658,0.938574792,0.956287475,1.015630289,0.930727553,0.890043102,1.049920942,1.040482177,1.056745214,0.968405431,0.926073985
C32:0 PC,0.974204135,0.951043403,1.082843201,1.048236672,1.0211965,0.996918572,0.980443052,0.923613114,1.004168351,1.087356871,1.05260609,1.025453205,1.001074078,0.942036473,1.024198549,1.109046435,1.073602478,1.045907973,1.021042555,0.976225998,0.968041052,0.943069596,0.920649057,1.087217511,1.177286089,1.139661265,1.110262716,1.083867328
C32:1 PC,1.013918767,1.056619086,0.997531288,0.996499513,1.010369557,1.052920404,1.040071377,1.041661736,1.052447688,1.049849497,1.048763608,1.063361105,1.108143645,1.001529086,1.011899482,1.009401393,1.008357341,1.022392432,1.065449612,1.042114142,0.998965671,1.012870042,1.055526195,1.010354563,1.007860288,1.00681783,1.020831493,1.063822935
C32:2 PC,1.011853194,1.131119966,0.98751512,0.940328363,0.951474257,1.063624187,1.113883933,1.153923932,1.131971662,1.117839131,1.06442506,1.077041896,1.203992438,1.035946293,1.016238432,1.003550817,0.955597822,0.966924708,1.080895776,1.117869641,0.952216675,0.963503483,1.077071293,0.980975982,0.968728614,0.92243954,0.933373394,1.043389781
C34:1 DAG,1.060621256,1.103588949,1.104754848,1.041208091,1.104327434,1.149065743,0.979230272,0.97938981,0.982148757,1.085033601,1.022621232,1.084613816,1.128553491,1.000162921,1.002980386,1.108047444,1.044311293,1.107618756,1.152490402,1.040511815,0.942478861,0.999613114,1.040109255,1.002817006,1.10786695,1.044141181,1.107438331,1.152302668
C34:1 PC,0.989920974,0.978816183,1.016256575,1.053615155,1.042995741,1.031295565,1.043831425,1.037671455,1.057604357,1.074797381,1.114307979,1.10307684,1.090702683,0.994098692,1.013194594,1.029665668,1.067517179,1.056757646,1.044903091,0.988782144,1.036760973,1.026311432,1.014798418,1.019209261,1.035778113,1.073854324,1.063030919,1.051105991
C34:2 DAG,1.133026807,1.016756261,0.991865602,0.997573948,1.130278025,1.014289557,0.832270241,0.906134401,0.932396938,0.924812451,0.930134894,1.05386777,0.945720477,1.088750211,1.120305511,1.1111925,1.117587591,1.2662567,1.136314181,0.897380587,1.00575516,1.139547558,1.022607856,1.028983049,1.020612891,1.026486682,1.163036927,1.04368676
C34:2 PC,0.9804096,1.01422932,1.007231526,1.022459003,1.002428622,1.037007899,1.054079693,1.098517154,1.084226009,1.092066617,1.108576644,1.086859184,1.124350936,1.042157592,1.028599655,1.036038001,1.051700979,1.031097735,1.066665968,1.034495501,1.01511815,0.995231579,1.029562591,0.986990513,0.99412796,1.009157336,0.98938754,1.023516958
C34:3 PC,0.97585198,1.00265291,0.998999203,0.994692755,0.970672894,0.997331585,1.051657214,1.057220506,1.116786705,1.115669029,1.110859644,1.084034584,1.113806655,1.005290024,1.061930343,1.060867566,1.056294418,1.030786999,1.059096672,1.027464134,0.995689237,0.971645314,0.998330711,1.056342266,1.055285082,1.050735999,1.025362805,1.053523507
C34:4 PC,1.022116788,0.999642005,0.987320334,1.019105566,1.041644907,1.018740731,1.022926572,1.052515363,1.02594066,1.012932075,1.045541837,1.068665863,1.045167538,1.028925626,1.002946534,0.990229507,1.022108395,1.044714149,1.021742485,0.978011532,1.032193434,1.055022237,1.031823914,0.974751244,0.962391724,0.993374418,1.015344669,0.993018795
C36:1 DAG,1.072585683,1.056423828,1.086267279,1.052968035,1.129398438,1.112380522,1.051084729,1.034498553,1.022599007,1.11081584,1.076764066,1.154921721,1.137519216,0.984219943,0.972898738,1.056828065,1.024431272,1.098790315,1.082233606,0.984931875,0.969345257,1.039705844,1.024039427,0.988497281,1.073772252,1.040856039,1.116407286,1.099585121
C36:1 PC,1.022282277,1.005201799,1.039132157,1.022964874,1.04575886,1.028286132,1.055517898,1.103339042,1.110223058,1.153668481,1.135719191,1.1610256,1.141626974,1.045305858,1.05182779,1.09298808,1.075982883,1.099958231,1.08157993,0.983291819,0.984441553,1.006377152,0.98956242,1.006239258,1.04561557,1.029347415,1.052283619,1.034701874
C36:2 DAG,1.087771567,1.082399138,1.081368234,1.022115829,1.111828537,1.106337292,1.063900399,0.925836412,0.977897441,1.057467229,0.999524454,1.087254281,1.081884407,0.870228466,0.919162586,0.993953222,0.939490628,1.021951193,1.016903846,0.995061069,0.945206079,1.028168298,1.023090245,1.056231348,1.142175028,1.07959078,1.174348154,1.16854813
C36:2 PC,0.966221164,0.968132388,0.977889614,1.032059468,0.9971977,0.999170197,1.046107726,1.086675624,1.084561847,1.060581767,1.119332323,1.08152258,1.083661875,1.038779848,1.036759237,1.01383609,1.069997186,1.033853927,1.035898931,1.00197804,1.055394651,1.019744648,1.021761743,0.998054822,0.975987446,1.030051929,0.995257974,0.997226634
C36:3 PC,0.982021283,0.934231928,1.068388315,1.038249664,1.019583267,0.969965985,1.020104327,1.05074606,1.076810079,1.150451305,1.117997702,1.097897538,1.044469148,1.030037842,1.055588188,1.127778085,1.095964081,1.076260054,1.023884636,0.951335723,0.971790546,0.954318999,0.907877755,1.02480525,1.094889954,1.064003707,1.044874285,0.994026234
C36:4 PC-A,1.043487026,1.025084153,0.96831576,0.953019953,0.994463956,0.976925652,0.938627214,0.963416207,0.998706656,0.967063394,0.95178737,0.993177772,0.97566215,1.026409838,1.064007777,1.030295499,1.014020642,1.058117384,1.039456491,0.982364062,0.984203699,1.027003791,1.008891616,1.036630533,1.003785682,0.987929582,1.030891701,1.012710959
C36:4 PC-B,0.994459418,0.911132529,1.109781048,1.149248479,1.142880973,1.047117673,0.923466921,0.985461631,0.907470831,1.007093929,1.042909472,1.037131146,0.950228745,1.067132572,0.98267822,1.090557665,1.12934145,1.123084241,1.028979732,0.91620886,1.035563259,1.029825636,0.943535372,0.920858613,1.021951436,1.058295361,1.052431788,0.964247328
C38:2 PC,0.974105943,0.928893288,1.017983749,1.003356567,0.977375594,0.93201118,1.043839802,1.097955851,1.140809954,1.161325994,1.144639159,1.114999807,1.063247632,1.051843251,1.092897542,1.112551937,1.096565926,1.068171385,1.018592728,0.953585485,0.985631223,0.960109231,0.915546227,1.039030808,1.057716477,1.042518384,1.015523353,0.968388329
C38:4 PC,1.004069856,0.933840714,1.063117617,1.081684477,1.086086777,1.010121004,0.936368072,1.050367252,0.946424828,1.006160908,1.023733045,1.027899491,0.956003598,1.12174612,1.010740174,1.074535685,1.093301956,1.097751538,1.020969879,0.930055522,1.01746454,1.021605474,0.950149812,0.901041827,0.95791344,0.974642958,0.978609614,0.910161275
C38:5 PC,0.979648947,0.908425937,1.104562403,1.090359337,1.068169377,0.990510703,0.966364713,1.067027281,0.979092383,1.081468635,1.067562522,1.045836501,0.969801484,1.104166228,1.013170669,1.119110229,1.104720099,1.082237883,1.003556391,0.927297415,0.987141455,0.967052087,0.896744901,0.917588895,1.013534194,1.000501619,0.980140358,0.908881621
C38:6 PC,1.005109722,0.924722227,1.088804198,1.080090539,1.085609502,0.998783729,0.975238881,1.032035386,0.983136527,1.070443177,1.061876462,1.067302355,0.981940766,1.058238556,1.008098165,1.097621515,1.088837291,1.094400947,1.006872045,0.920021174,0.991997038,0.997065867,0.91732171,0.952619009,1.037215577,1.02891478,1.034172249,0.951460366
C40:6 PC,0.955405569,0.894363201,1.12061498,1.086198956,1.037760531,0.971456375,0.879709046,1.003174252,0.901627189,1.010376934,0.979346511,0.935673111,0.875891481,1.140347774,1.024915219,1.148535347,1.11326184,1.063616562,0.995660423,0.936108424,0.969288271,0.926063412,0.86689576,0.898774253,1.007179891,0.976247655,0.932712446,0.873119978
C46:0 TAG,0.979610205,1.056658547,1.187147941,1.09886867,1.076462963,1.161128973,0.927359624,0.933069808,0.924579642,1.097612818,1.015991601,0.995275741,1.07355621,1.006157465,0.997002261,1.183589182,1.095574549,1.073236008,1.157648211,1.078652041,0.925637515,0.906763956,0.978082792,0.990900824,1.176345874,1.088869871,1.066668038,1.150563656
C46:1 TAG,0.980627118,1.112463299,1.196536736,1.129303833,1.107425963,1.256309068,1.031688415,0.931824615,0.912239276,1.091527805,1.030195311,1.010237459,1.146054474,0.903203527,0.884219753,1.058001417,0.998552756,0.979207912,1.110853294,1.134440685,0.943810415,0.925526087,1.049954448,0.978981732,1.171387606,1.105567822,1.084149788,1.229903628
C46:2 TAG,0.994356365,1.028695627,1.043651152,1.101557228,1.09534044,1.133167103,1.084511192,1.058653405,1.0110308,1.05516346,1.113708285,1.107422922,1.145666842,0.976157197,0.932245612,0.972939208,1.026921892,1.021126319,1.05639006,1.03453416,1.055484129,1.049527362,1.085771908,0.955015868,0.996703411,1.052004632,1.046067501,1.082192564
C48:0 TAG,1.064126636,1.171907059,1.21875998,0.995235374,1.059056471,1.16632336,0.951288903,0.891980015,0.970307646,1.182572127,0.965684493,1.027610591,1.131692474,0.937654179,1.019992605,1.243126166,1.015132721,1.080229768,1.189641202,1.101285335,0.816596697,0.868962296,0.956975434,1.087813213,1.325783209,1.082630189,1.152055622,1.268741961
C48:1 TAG,1.077213382,1.177144473,1.205146168,1.022922519,1.101905826,1.204127589,1.006937933,0.844897781,0.937288168,1.129569245,0.958773174,1.032803294,1.128614543,0.839076326,0.930830132,1.121786366,0.952167103,1.025687145,1.120838242,1.092768148,0.848795396,0.914333759,0.999154809,1.109350965,1.336930064,1.134780083,1.222400291,1.335800103
C48:2 TAG,1.061344329,1.149517045,1.047870021,1.022349045,1.085064362,1.175207653,1.104117316,0.985719666,1.010821301,1.059209338,1.033412192,1.09680617,1.187924929,0.892767147,0.915501719,0.959326805,0.935962308,0.993378288,1.075904626,1.083076446,0.975644903,1.035495185,1.121520446,1.025465288,1.074554333,1.048383458,1.112695838,1.205134654
C48:3 TAG,1.057741332,1.152023443,0.993089146,1.035153205,1.09492433,1.192520758,1.176987814,1.042783197,1.004136702,0.99719726,1.039435325,1.099453705,1.197453861,0.885976205,0.85314112,0.847245186,0.883131764,0.934124969,1.017388495,1.089135318,1.04235678,1.102543849,1.200819446,0.962939089,0.956284358,0.996789484,1.054345437,1.148324853
C50:0 TAG,1.094955485,1.203068692,1.192029781,0.946112621,1.035951204,1.138238474,0.961600323,0.925378615,0.997283079,1.18879113,0.943542107,1.033136606,1.135145969,0.962331847,1.037107678,1.236263239,0.981220664,1.074392948,1.180475861,1.098737537,0.793698812,0.869064868,0.954874192,1.07770275,1.284653774,1.019628174,1.116447462,1.226682734
C50:1 TAG,1.063753574,1.126003423,1.10599282,0.992726258,1.056016105,1.117813164,1.005440593,0.865328874,1.003141736,1.109467557,0.995845141,1.059333828,1.121325037,0.860646446,0.997713582,1.103464058,0.99045647,1.05360161,1.115257376,1.05851905,0.897588338,0.954812803,1.010687541,1.159260677,1.282133985,1.150828513,1.224197944,1.295836845
C50:2 TAG,1.113567662,1.164222648,1.03839009,0.955388213,1.063889419,1.112284595,1.069702015,0.933811932,1.021614078,1.060833934,0.976038048,1.086884408,1.136325601,0.872964544,0.955045483,0.991709765,0.912439197,1.016062784,1.062282378,1.045488915,0.920066767,1.024556599,1.071162568,1.094025513,1.13602525,1.04521908,1.163922167,1.216867724
C50:3 TAG,1.136939042,1.196174971,1.050579971,0.964215171,1.096253873,1.153370054,1.047115329,0.947376335,0.967942698,1.016901212,0.933305034,1.061110931,1.116396122,0.904748798,0.92438977,0.971145378,0.89131064,1.013365865,1.066163479,1.052101236,0.917793216,1.04347494,1.097841274,1.021708757,1.073386756,0.985147084,1.120052182,1.178408284
C52:1 TAG,1.103891641,1.135976183,1.076674319,0.934910132,1.03203948,1.062035643,0.996050418,0.841033365,1.013084028,1.090761556,0.947142523,1.045542714,1.075931347,0.844368267,1.017101153,1.095086691,0.950898173,1.049688545,1.080197677,1.029064938,0.868331413,0.958543788,0.986403804,1.204570556,1.296930183,1.126165218,1.24316437,1.279296865
C52:2 TAG,1.072895583,1.081841637,1.063953746,0.990034137,1.062203253,1.071060151,1.03148476,0.898364625,1.008011556,1.072477671,0.997965851,1.070713154,1.079641009,0.870943187,0.977243285,1.039741654,0.967504213,1.038030996,1.046686341,1.008338233,0.930523663,0.998354728,1.006679242,1.122051701,1.193811111,1.110869488,1.191846967,1.201784865
C52:3 TAG,1.131326369,1.130780892,1.040981318,0.950393869,1.075205645,1.074687227,1.067350095,1.009714111,1.039998621,1.082619135,0.988408313,1.118212388,1.117673234,0.946000863,0.974374412,1.014305559,0.926039467,1.047652867,1.047147735,0.999517843,0.912978795,1.032876985,1.032378976,1.029993153,1.07220363,0.978899178,1.107454452,1.106920486
C52:4 TAG,1.101727075,1.125831432,1.125889023,1.017743843,1.121275947,1.145808008,0.978738973,0.910011239,0.921314826,1.037298249,0.937662491,1.033048154,1.055649906,0.929779302,0.941328435,1.059831352,0.958031219,1.055488932,1.078581659,1.021878701,0.903946856,0.995902726,1.017691784,1.012421371,1.139874108,1.030385616,1.135203731,1.160040514
C52:5 TAG,1.082257712,1.119422753,1.279779252,1.167284557,1.263302714,1.306684893,0.982299399,0.961883034,0.815134834,1.043192649,0.951494304,1.029762048,1.065124374,0.979215741,0.829823204,1.061990519,0.968639811,1.048317906,1.084317444,1.034340288,0.91209836,0.987125484,1.021023658,0.847436544,1.084531707,0.989199591,1.070568886,1.10733253
C54:1 TAG,1.055185586,1.060667003,1.094431663,0.969812645,1.023332324,1.028648271,0.963722874,0.929521384,1.005921097,1.1009119,0.975555,1.029391574,1.034738998,0.964511073,1.043786678,1.14235319,1.012277518,1.068140646,1.073689362,1.005194743,0.886133577,0.935035378,0.939892646,1.082192529,1.18438577,1.049523999,1.107442595,1.113195474
C54:2 TAG,1.059269441,1.035248994,1.048268756,0.991699886,1.050477384,1.026656309,1.007771135,0.86817392,1.014802876,1.063786148,1.006379896,1.06602747,1.041853775,0.861479248,1.006977518,1.05558307,0.998619489,1.057807108,1.033819822,0.977323572,0.946035909,1.002106929,0.979382723,1.168893528,1.225314565,1.159191578,1.227896215,1.200051915
C54:3 TAG,1.056769434,1.013019744,0.991335454,0.990007702,1.046209879,1.002897349,1.033088506,0.955812265,1.022760172,1.013898419,1.012540448,1.070021795,1.025723465,0.925198819,0.990002469,0.981424547,0.98011007,1.035750363,0.992870852,0.958600535,0.998660644,1.055354043,1.01166295,1.070042945,1.060771509,1.059350758,1.1194895,1.073143234
C54:4 TAG,1.054726363,1.035037612,1.039486391,1.034463394,1.091075813,1.070708521,1.024955579,0.97366255,0.977016971,1.015595845,1.010688291,1.065999585,1.046100396,0.949955851,0.953228599,0.990868156,0.986080091,1.040044668,1.020629983,0.981332836,0.995167809,1.049629723,1.030036112,1.003445157,1.043067585,1.038027283,1.094834741,1.07439728
C54:5 TAG,1.070732163,1.059656143,1.018469809,1.079465114,1.155818016,1.143861839,0.976905511,0.900492652,0.896544008,0.913103004,0.967787979,1.036241716,1.025522477,0.921780707,0.917738714,0.934689172,0.990666926,1.06073894,1.049766293,0.989655658,1.059889164,1.134857417,1.123118063,0.995615017,1.014003836,1.074731678,1.150749774,1.138846024
C54:6 TAG,1.05339269,1.094703846,1.070473332,1.119075976,1.178826453,1.225056775,0.967028934,0.973736722,0.853050935,0.913168276,0.954628807,1.005599007,1.045035827,1.006936492,0.882135895,0.944302951,0.987177088,1.039885128,1.080666555,1.039217242,1.045402947,1.101219823,1.144406626,0.876059118,0.937797924,0.980376713,1.032721663,1.073222158
C54:7 TAG,1.063847211,1.122443474,1.134488597,1.010726164,1.075258211,1.134482987,1.008690098,1.004011773,0.94123857,1.067824424,0.951334449,1.0120745,1.067819144,0.995361979,0.933129582,1.05862487,0.943138483,1.003355245,1.058619635,1.055079585,0.890909055,0.947791114,0.999995055,0.937477623,1.063557673,0.947533162,1.008030511,1.063552414
C56:2 TAG,1.047471392,0.950766083,1.057973153,1.019361029,1.067751516,0.969173893,0.956466026,0.891890046,0.95705917,1.012542907,0.97558882,1.02190138,0.927556761,0.932484816,1.00062014,1.058629245,1.019993176,1.068413672,0.969774917,0.907677375,0.963503683,1.009242544,0.916066623,1.073068562,1.13527773,1.093844274,1.145770584,1.039990036
C56:3 TAG,1.027191323,0.94748508,1.023082146,1.003746678,1.031039879,0.951035002,0.975477857,0.88546745,0.976220545,0.99875381,0.979878129,1.006522312,0.928419907,0.907726858,1.000761358,1.023861077,1.004510888,1.031824869,0.951759079,0.922403703,0.981100767,1.007778195,0.929578339,1.102491734,1.127939609,1.106622416,1.136712944,1.048508228
C56:4 TAG,1.036274539,0.970283592,1.058871927,1.068722838,1.107490266,1.036964234,0.932895517,0.903255395,0.898489818,0.951385644,0.960236588,0.995068727,0.931701806,0.968227822,0.963119451,1.019820148,1.029307752,1.066645416,0.998720423,0.93631905,1.009303213,1.045915222,0.979310347,0.994723998,1.053285316,1.063084254,1.101647145,1.031493209
C56:5 TAG,1.065027637,1.024536803,1.218465338,1.100780372,1.172361518,1.127790003,0.856992201,0.853094623,0.785898689,0.957590312,0.865101851,0.92135738,0.886328686,0.995452026,0.917042989,1.117385095,1.009462922,1.07510591,1.034231915,0.961981425,0.903415417,0.962162387,0.925582344,0.921232731,1.122490151,1.014074908,1.080017803,1.038957065
C56:6 TAG,1.049601492,1.015111538,1.198511129,1.147665641,1.20459157,1.165008634,1.022171622,0.991442926,0.895452639,1.073209953,1.027680227,1.0786547,1.043210056,0.969937831,0.876029641,1.049931274,1.005389119,1.05525792,1.020582095,0.967139953,0.957576124,1.005073328,0.972046572,0.903181227,1.082472752,1.036550062,1.087964492,1.052213928
C56:7 TAG,1.064409249,1.034234011,1.02694152,1.010139943,1.075202298,1.044721085,0.969243072,0.960720145,0.945856685,0.971339502,0.955447618,1.016987282,0.988156423,0.991206615,0.975871494,1.002162956,0.985766776,1.049259273,1.019513527,0.971650718,0.983639208,1.04699467,1.017313123,0.984528835,1.011053538,0.994511901,1.058567666,1.028558033
C56:8 TAG,1.012856111,1.012721375,1.098869555,1.146759387,1.161502253,1.161347743,0.98367021,1.028049765,0.896754279,0.985415975,1.028361387,1.041582115,1.041443557,1.045116295,0.911641188,1.001774746,1.04543309,1.058873294,1.058732436,0.999866974,1.043580998,1.056997392,1.056856783,0.872286838,0.958529449,1.000303119,1.013163128,1.01302835
C58:6 TAG,0.992174024,0.941911315,1.155367723,1.14697766,1.138001441,1.080351237,0.903297959,0.946795851,0.837219826,0.967296763,0.960272437,0.952757368,0.904491474,1.048154534,0.92684791,1.070850159,1.063073848,1.054754257,1.001321286,0.949340834,0.992738189,0.984969043,0.935071333,0.884266471,1.021652938,1.014233888,1.006296517,0.955318375
C58:7 TAG,0.973058237,0.893208822,1.191335341,1.260729816,1.226763532,1.126094993,0.908593819,0.952636477,0.814516552,0.970362354,1.026885303,0.999219202,0.917223011,1.048473429,0.89645839,1.067982562,1.130191821,1.099742461,1.009497305,0.917939737,1.058249321,1.029738219,0.945237629,0.855012979,1.018607179,1.077940355,1.048898742,0.962825835
C58:8 TAG,1.009546748,0.972587272,1.064438397,1.127535233,1.138299528,1.096626416,0.973508347,0.911354792,0.884342712,0.941328338,0.997127566,1.006646891,0.969793578,0.936155088,0.90840794,0.966944291,1.024261958,1.034040329,0.996184143,0.96339003,1.059277114,1.069389766,1.030239438,0.970360522,1.032888998,1.094115677,1.104560924,1.064122981
cAMP,0.976482725,0.914945316,0.92389018,0.996756189,0.9733152,0.911977406,0.874673751,0.888975613,0.963638254,0.890295919,0.960512393,0.937923759,0.878816315,1.016351082,1.101711641,1.017860567,1.098137897,1.072312687,1.004736125,0.936980545,1.078868691,1.05349664,0.987105855,1.083987277,1.0014852,1.080471027,1.055061293,0.988571905
carnitine,0.939266588,1.015497492,1.112426137,1.059610958,0.995257169,1.07603227,1.056723394,0.972445984,0.929165045,1.033627482,0.984553463,0.924758172,0.999811572,0.92024648,0.8792888,0.978143844,0.931704047,0.875118482,0.946143123,1.081160029,0.952522529,0.894672586,0.967284239,0.955492706,1.062915061,1.012450542,0.950960966,1.028140985
carnosine,0.820166527,0.882119624,0.982853729,0.98846133,0.810702896,0.871941137,0.935638461,0.887133236,0.848085198,0.8335437,0.838299423,0.687545127,0.739480372,0.948158154,0.906424044,0.890882252,0.895965117,0.734840598,0.790348412,1.075537217,1.005705428,0.824845928,0.887152493,0.955984021,0.93959246,0.944953237,0.775019015,0.833561794
choline,0.979771811,1.006215034,1.165260144,1.12475994,1.102008083,1.131750361,0.964467912,0.970087298,0.808267866,0.94184233,0.909107316,0.890717722,0.914757449,1.00582641,0.838045368,0.976540867,0.942599857,0.92353277,0.948458148,1.026989165,0.965243637,0.945718506,0.971242659,0.833190856,0.970884097,0.937139697,0.918183058,0.942964052
cis/trans-hydroxyproline,0.925543409,1.01384897,0.928008424,0.972049347,0.899673866,0.985511229,0.991590912,0.758683224,1.021995708,0.948420626,0.993430261,0.91946283,1.007188246,0.765117162,1.030662641,0.956463613,1.001854947,0.927260243,1.015729606,1.095409421,1.04745746,0.969467349,1.061963667,1.34706512,1.250087779,1.30941377,1.211919285,1.327547802
citrate,0.89912238,1.053441055,0.992604806,0.948496935,0.852814821,0.999185612,1.289468008,1.308337837,1.392486862,1.382189151,1.320769521,1.187533434,1.391352837,1.014633809,1.079892524,1.071906509,1.024274749,0.92094835,1.079013072,1.17163256,0.955563513,0.85916854,1.006629835,1.064317504,1.056446669,1.009501891,0.907665742,1.063450737
citrulline,0.845594726,1.005607158,0.98221615,0.907861846,0.767683189,0.912952371,0.994632791,0.952767103,0.983226085,0.96574054,0.892633449,0.754806136,0.897638585,0.957908397,0.988531742,0.970951842,0.897450252,0.7588792,0.902482397,1.189230641,0.924299449,0.781582739,0.929482142,1.031968969,1.013616589,0.936885254,0.792225229,0.942138517
CMP,1.12095323,1.152769309,1.167224668,1.011379934,1.133709604,1.165887748,1.123488754,1.074354942,1.080700694,1.261420509,1.092998997,1.225200756,1.259975699,0.956266752,0.961915008,1.122770926,0.972861537,1.090532283,1.121484923,1.028383057,0.866482659,0.971286536,0.998854616,1.00590657,1.174118962,1.01735372,1.140405939,1.172774146
cotinine,1.006777231,0.931132225,1.152411081,1.247044769,1.255496279,1.16116357,0.801015885,0.968355719,0.884444695,1.019243868,1.10294213,1.110417024,1.02698496,1.208909507,1.104153752,1.27243902,1.376929161,1.386260928,1.282103113,0.924864207,1.082117995,1.089451758,1.007594936,0.913346901,1.05255109,1.138984475,1.146703636,1.060545149
creatine,0.821360594,0.971017414,0.888921737,0.970562316,0.79718164,0.94243291,1.013884985,0.957596952,0.993746687,0.883363031,0.964493086,0.792196614,0.936539581,0.944482823,0.980137492,0.871265522,0.951284514,0.781347614,0.923713829,1.18220599,1.091842258,0.896796205,1.060197845,1.037750469,0.922478949,1.007201499,0.827275621,0.978010194
creatinine,0.817341442,0.936415222,0.976525937,0.977079208,0.798607328,0.914951843,0.998463938,0.953024216,0.923397111,0.901721229,0.902232118,0.7374317,0.844863889,0.954490372,0.924817689,0.90310846,0.903620135,0.738566184,0.846163649,1.145684257,1.000566571,0.817804524,0.936945768,0.968912538,0.946168223,0.946704295,0.773780653,0.886508312
cystathionine,1.277900164,1.012653437,0.746154594,0.723826234,0.924977663,0.732985123,0.883788049,0.943279986,1.175528675,0.877126121,0.850878493,1.087337766,0.86164503,1.067314711,1.330102479,0.992462075,0.962763067,1.230315082,0.974945329,0.792435486,0.970075424,1.239659543,0.982350212,1.246213947,0.929868261,0.902042347,1.152720064,0.913456283
cytidine,1.056452858,1.125938545,1.06455487,0.876503486,0.925984612,0.986889059,0.960873151,0.975963249,1.042556032,1.109858101,0.913803996,0.965390843,1.028887141,1.015704568,1.085009015,1.155051631,0.951014184,1.004701652,1.070783526,1.065772634,0.823352098,0.869832677,0.927043863,1.068232879,1.137192514,0.936309842,0.989167208,1.054227341
dCMP,1.003516022,0.923503071,0.984966909,0.991901249,0.995388795,0.916023849,0.848661934,0.964404301,1.012917064,0.99768979,1.004713701,1.008246296,0.927856188,1.136382183,1.193546009,1.175603323,1.183879776,1.188042323,1.093316608,0.92026739,1.007040175,1.010580951,0.930004694,1.050303346,1.03451404,1.0417972,1.045460182,0.962102913
DHAP/glyceraldehyde 3P,1.003339997,0.93735469,0.947262605,0.92742941,0.930527021,0.869330307,0.892753605,0.92888539,1.050193393,0.994808929,0.973980239,0.97723333,0.912964945,1.040472292,1.176353013,1.114315219,1.090984381,1.094628265,1.022639326,0.93423435,0.979062623,0.982332689,0.917728941,1.130595232,1.070970585,1.048547269,1.052049414,0.982860701
dimethylglycine,0.876825757,0.986880984,1.01259604,0.98834421,0.86660566,0.975378107,0.978550066,0.959246679,0.906148661,0.917562546,0.895586782,0.785273558,0.883837565,0.980273481,0.926011547,0.937675626,0.915218151,0.802486848,0.903211389,1.125515505,0.976049846,0.855825645,0.963245033,0.944646127,0.956544928,0.93363553,0.81863568,0.921387151
erythrose-4-phosphate,1.032002223,0.997773541,0.945532998,0.999853623,1.031851161,0.99762749,0.978516924,1.014788752,1.022749471,0.967043373,1.022599763,1.055325229,1.020322987,1.037068167,1.045203661,0.98827455,1.045050667,1.078494611,1.042723904,0.966832744,1.05744974,1.091290482,1.055095372,1.007844705,0.952950425,1.007697179,1.039945729,1.005453583
F1P/F6P/G1P/G6P,0.924916091,1.106691828,1.018041244,0.994400315,0.919736852,1.100494702,1.068509041,1.045187783,1.060373073,1.079503522,1.054435317,0.975264192,1.166934949,0.97817402,0.992385682,1.010289554,0.986828635,0.912733683,1.092115185,1.196532138,0.976778024,0.903437712,1.080992257,1.014528767,1.032832128,1.008847725,0.933099494,1.116483533
fumarate/maleate/alpha-ketoisovalerate,0.949161721,1.065461772,1.022366012,0.929191275,0.88195279,0.990017782,0.987570819,0.966925594,1.044109077,1.067461632,0.970177044,0.920854913,1.033686552,0.979094942,1.057249826,1.080896288,0.982387314,0.932444433,1.046696128,1.122529226,0.90886362,0.862658558,0.968359443,1.079823601,1.103974948,1.003362668,0.952353437,1.069044566
GABA,0.966352882,0.996036751,1.020894642,0.979544108,0.946585272,0.97566193,0.954308917,0.845412101,0.959476142,0.979524053,0.939849201,0.908225984,0.936124344,0.885889345,1.005414625,1.026422404,0.984847972,0.951710676,0.980944774,1.030717421,0.959495786,0.927211518,0.955693066,1.13492123,1.158635004,1.111705404,1.074299721,1.107299438
glucuronate,0.89841817,0.905710969,1.092019727,0.992138468,0.891355226,0.898590693,1.044228532,1.003961419,1.0309952,1.125867097,1.022889998,0.91898296,0.926442691,0.961438409,0.987327169,1.078180746,0.979565264,0.880059232,0.887203005,1.008117377,0.908535297,0.816244619,0.822870385,1.026927112,1.121424664,1.018853891,0.915356848,0.922787145
glutamate,1.028249654,1.113367501,1.044369148,0.978386283,1.006025357,1.089303491,0.924790088,0.977082648,0.948789509,0.990886491,0.928282641,0.954506304,1.033519724,1.056545329,1.025951209,1.071471789,1.003776589,1.032132931,1.117572233,1.082779358,0.936820362,0.963285213,1.043025345,0.971043249,1.01412761,0.950055395,0.976894131,1.0577608
glutamine,0.916595026,1.010587643,1.035827059,1.081225286,0.991045719,1.092672912,0.989247057,1.015249667,0.866983916,0.8980454,0.937404932,0.859220698,0.94732984,1.026285253,0.876407879,0.907806997,0.94759436,0.868560277,0.95762715,1.102545414,1.043827998,0.956767551,1.054879676,0.85396129,0.884556212,0.92332454,0.846314681,0.93310037
glutathione oxidized,0.952583139,1.030383271,0.973453266,0.925597943,0.881708994,0.953720636,1.028538497,1.047275344,1.156122359,1.125431086,1.070104478,1.019363483,1.102617752,1.018216962,1.124043837,1.094204144,1.040412664,0.991079561,1.072023804,1.081672799,0.95083963,0.9057538,0.979729248,1.103933522,1.074627693,1.021798598,0.973348116,1.052844182
glutathione reduced,0.957045655,1.029196618,0.964792257,0.959347965,0.918139802,0.987357681,0.934498004,1.022272105,1.133537236,1.093627947,1.08745664,1.040745653,1.119206696,1.093926472,1.212990537,1.170283877,1.163680003,1.113694891,1.197655523,1.075389259,0.994357032,0.951645077,1.023388894,1.108841012,1.069801222,1.063764368,1.018071067,1.09482269
glycine,0.898881974,0.94084288,1.030629016,1.105177658,0.993424276,1.039798531,0.968695849,1.00198792,0.908586133,0.936415232,1.004149095,0.902611521,0.944746526,1.03436793,0.937947792,0.96667621,1.036598945,0.931780106,0.975276736,1.046681218,1.072333149,0.963900938,1.008897008,0.906783519,0.934557406,1.002156887,0.900820761,0.942872171
glycodeoxycholate/glycochenodeoxycholate,0.88558087,0.941353509,0.943193734,1.020381773,0.903630579,0.960539963,1.060512181,1.096654722,1.037290629,0.978366022,1.058432452,0.937327532,0.996359102,1.03408027,0.978103456,0.922541051,0.998038939,0.883844192,0.939507457,1.062978595,1.081836887,0.958054051,1.018390949,0.945868019,0.892136789,0.965146486,0.854715265,0.908544031
GMP,1.028644681,1.093382013,1.06905569,0.962452619,0.990021768,1.052328382,0.957005779,0.91625286,1.039470421,1.111251768,1.000441029,1.029098343,1.093864226,0.957416225,1.086169429,1.161175609,1.045386612,1.075331378,1.143006918,1.06293459,0.900282958,0.926071276,0.984353192,1.134479864,1.212822155,1.091883117,1.123159761,1.19384536
guanosine,1.031225232,0.937725006,0.946280023,0.999777655,1.030995944,0.937516507,0.885033443,1.073988106,1.001502377,0.947701693,1.001279698,1.032544889,0.938925011,1.213500026,1.131598343,1.070808906,1.131346738,1.166673302,1.060892126,0.909330936,1.056534673,1.089525213,0.990738982,0.932507885,0.882413583,0.932300547,0.961411847,0.874241535
heptanoylcarnitine,1.019960488,1.033771996,0.827149908,0.958613963,0.977748366,0.99098827,1.093331799,0.939325337,1.00764659,0.833474784,0.96594409,0.985224806,0.99856595,0.859140234,0.921629272,0.762325568,0.883486689,0.901121515,0.913323798,1.013541218,1.15893619,1.182069122,1.198075778,1.072734387,0.88731215,1.028338162,1.048864294,1.063067194
hexanoylcarnitine,0.910112535,0.94401663,0.940896384,1.095711403,0.997220682,1.034369786,1.079611051,0.927486543,0.981046882,0.923063464,1.074944255,0.978320241,1.014765253,0.859093229,0.908704002,0.854996309,0.995677336,0.906178424,0.939935963,1.037252641,1.164539923,1.059862381,1.099345054,1.057747834,0.995231112,1.158986363,1.054808016,1.0941024
hexoses (HILIC neg),0.837981756,0.904301227,1.015717312,1.083720299,0.908137839,0.980009597,1.029148211,1.054468484,0.868004586,0.881647284,0.940674189,0.788267809,0.850652824,1.024603136,0.84342039,0.856676691,0.914031797,0.765941971,0.826560076,1.079141904,1.066950702,0.894085223,0.96484483,0.823167879,0.836105865,0.89208374,0.747549899,0.806712421
hexoses (HILIC pos),0.833432801,0.852108223,1.08086248,1.199771858,0.99992922,1.022335466,0.920496739,0.999258526,0.765339368,0.827226608,0.918232636,0.765285198,0.78243358,1.085564439,0.831441694,0.898674132,0.997540346,0.831382845,0.850012332,1.022407832,1.11001342,0.925121594,0.945851563,0.765907269,0.82784043,0.918913987,0.765853058,0.783014164
hippurate,0.787271312,0.933906959,0.895737439,1.014041518,0.798325796,0.94702043,1.125700323,1.118007258,1.094146891,0.980068333,1.109510373,0.873485687,1.036179459,0.993165975,0.971969954,0.870629877,0.985617887,0.775948687,0.920475404,1.186258085,1.132074505,0.891249781,1.057252259,0.978658128,0.876620725,0.992399974,0.781288029,0.926809242
histidine,0.843117712,0.897323411,0.914712005,0.980684527,0.826832495,0.879991186,1.000635564,1.023212211,0.948180889,0.867312441,0.929866326,0.78398677,0.834390824,1.022562307,0.947578641,0.866761559,0.929275712,0.783488812,0.833860852,1.064291971,1.072123819,0.903926581,0.962041802,0.92667081,0.847636915,0.908771726,0.766201538,0.815462145
homocysteine,1.126963359,1.019723898,0.868625334,0.835247137,0.941292919,0.851721466,0.878362262,0.892133586,1.114859405,0.968395123,0.931183126,1.049409264,0.949549687,1.015678411,1.269247841,1.10250083,1.060135625,1.194734006,1.081045632,0.904842105,0.961573539,1.083658146,0.980539518,1.249655233,1.085482195,1.043770955,1.176291622,1.064358188
hypoxanthine,1.065390954,1.051116033,1.152856765,1.295124072,1.379813471,1.361325676,1.083675285,1.101884167,0.881005627,1.015673298,1.141011596,1.215623433,1.199335582,1.016802895,0.812979348,0.937248742,1.052909124,1.121759857,1.106729661,0.986601236,1.123404148,1.196864617,1.180828111,0.799544683,0.921760497,1.035509566,1.103222524,1.088440707
inosine,1.11343689,0.975065544,1.053669184,1.06151881,1.181934202,1.035050416,0.956831717,1.056543339,0.923176659,0.972722797,0.979969388,1.091134067,0.955534384,1.104210197,0.964826565,1.016608019,1.024181547,1.140361516,0.998644137,0.87572592,1.007449801,1.121731773,0.982329588,0.873770743,0.920665306,0.927524079,1.032739526,0.904396771
inositol,0.903282455,1.095105664,0.842451541,0.889117033,0.803123817,0.973677099,1.148346809,1.109252929,1.25550834,1.057704936,1.11629385,1.00832865,1.222459718,0.965956382,1.09331809,0.92106751,0.972087736,0.878069797,1.064538786,1.212362377,1.055392494,0.953317523,1.155766298,1.131850371,0.95352909,1.006347444,0.90901599,1.102056786
isocitrate,0.863636384,1.038991649,0.995726662,0.972587295,0.839961775,1.010510078,1.208659396,1.174543,1.277184414,1.271726573,1.242173335,1.072786087,1.290607721,0.971773358,1.056695061,1.052179446,1.027728192,0.887583459,1.067801008,1.203042934,0.976761327,0.84356662,1.014846862,1.087388384,1.082741605,1.057580127,0.913364677,1.09881692
isoleucine,0.892347232,0.976761621,0.940360052,0.959617694,0.856312193,0.937317735,0.978120696,1.005460134,0.937113813,0.881224394,0.899270996,0.802461985,0.878373396,1.027950987,0.958075846,0.900936253,0.919386534,0.820412029,0.898021481,1.09459814,1.020479009,0.910621619,0.996764731,0.932024832,0.87643892,0.89438752,0.798104229,0.873603404
kynurenic acid,0.897441101,0.944645946,0.874554107,0.872358266,0.782890163,0.8240697,1.038044934,0.946270785,0.887041321,0.77576563,0.773817829,0.694455924,0.730983875,0.911589426,0.854530755,0.747333381,0.745456968,0.669003722,0.704192902,1.05259938,0.997489189,0.895187796,0.942274118,0.937407489,0.819813569,0.817755172,0.733887102,0.772489108
kynurenine,1.060426234,0.888144709,0.962460127,1.082485756,1.147896294,0.961403996,1.006862517,1.051054378,1.040487697,1.001427921,1.126313111,1.194371971,1.00032903,1.04389066,1.033395999,0.994602444,1.118636449,1.186231438,0.993511043,0.837535587,1.124707119,1.192668935,0.998902676,0.989946589,0.95278412,1.071603082,1.136356021,0.951738607
lactate,0.886435131,0.993599703,0.996336684,1.016357475,0.900934971,1.009852485,1.06075574,1.032289219,1.063349542,1.059454157,1.080743255,0.958008789,1.073826177,0.973163924,1.002445239,0.998772966,1.018842712,0.903137973,1.012321816,1.120893869,1.020094403,0.904247515,1.013565495,1.03008878,1.02631524,1.046938432,0.928043005,1.040237714
lactose,0.91846596,1.010854726,0.918952986,0.946491836,0.869320533,0.956765745,1.041540151,1.149822451,1.034465911,0.950625538,0.97911354,0.899282458,0.989741549,1.103963635,0.993207905,0.91271137,0.940063173,0.863416025,0.950267301,1.100590299,1.029967638,0.945990216,1.041147654,0.899674476,0.826758546,0.851534547,0.782105495,0.860777721
lauroylcarnitine,0.849096816,0.750227024,1.07092798,1.32439382,1.124538575,0.993596034,0.991865369,0.880079484,0.927668852,0.99346653,1.228598895,1.043199409,0.921728092,0.887297321,0.935276986,1.001614293,1.23867506,1.051755049,0.929287503,0.883558871,1.236678698,1.050059945,0.927789779,1.054073943,1.128837278,1.396009016,1.18534681,1.047323689
leucine,0.898567703,0.97239513,0.960517295,0.977718738,0.878546481,0.950728939,0.976995491,1.008013297,0.915860537,0.879699885,0.895454008,0.804626051,0.870735116,1.031748157,0.937425551,0.900413454,0.916538526,0.823571919,0.891237599,1.082161228,1.01790852,0.914659721,0.989809287,0.908579816,0.872706627,0.888335511,0.7982296,0.863813125
lysine,0.877826706,0.907535405,1.017135032,1.085878334,0.953213001,0.985473034,0.996396225,1.080020007,0.804903683,0.818695733,0.874027471,0.767244655,0.793210875,1.083926233,0.807814866,0.8216568,0.877188661,0.770019633,0.796079767,1.033843468,1.067585227,0.937154823,0.968871392,0.745267382,0.758037563,0.809269704,0.710398558,0.734440909
malate,0.943686146,1.073632803,1.041326623,0.936748293,0.883996387,1.005723696,1.056365412,1.008627671,1.114080164,1.160121335,1.043612692,0.98484284,1.120456821,0.954809443,1.054635216,1.098219727,0.987927738,0.93229372,1.060671627,1.137701139,0.89957202,0.848913653,0.96581003,1.104550466,1.150197807,1.034685764,0.976418621,1.110872577
malondialdehyde,0.918635424,0.960953505,0.983214761,1.005256338,0.923464082,0.966004601,1.029974623,1.018123772,1.045901954,1.02834624,1.051399568,0.965852888,1.0103461,0.988494035,1.015463809,0.998419006,1.02080143,0.937744354,0.980942711,1.046066241,1.022417866,0.93922927,0.982496031,1.027283699,1.010040497,1.032683449,0.948659598,0.99236078
malonylcarnitine,0.897416957,0.981915622,0.979197853,0.983391762,0.882512443,0.965607734,0.980143861,0.891010332,0.958280763,0.938346466,0.942365408,0.845694697,0.925323316,0.909060769,0.977693991,0.957355856,0.961456216,0.862827112,0.944068878,1.094157642,1.004283005,0.901260598,0.986121171,1.075499047,1.053126358,1.057636903,0.949141291,1.038510197
methionine,0.888835358,0.961158974,0.971349262,1.006175475,0.894324339,0.967094588,0.993452156,1.017264641,0.899430881,0.873661522,0.904985294,0.804382928,0.869834737,1.023969433,0.905359031,0.879419826,0.910950053,0.809684617,0.875567819,1.081368968,1.035853441,0.920703164,0.995619831,0.884166071,0.858834061,0.889626217,0.790731237,0.855072222
methionine sulfoxide,0.937380012,0.925005973,0.917459744,0.958075463,0.898080789,0.886225526,0.931557345,0.982513086,0.935110187,0.857925952,0.895906125,0.839804495,0.828718517,1.054699521,1.003813874,0.920958819,0.961729441,0.901505955,0.889605478,0.986799335,1.044269756,0.978877597,0.965955762,0.951753417,0.873195446,0.911851596,0.85475146,0.843468173
myristoylcarnitine,0.93508185,0.779554725,1.229050773,1.30972385,1.224699001,1.021001415,0.953188518,0.953058978,0.838021161,1.029970556,1.097576302,1.026323679,0.855620792,0.999864099,0.879176727,1.080552836,1.151478728,1.07672686,0.897640683,0.833675388,1.065638523,0.996459242,0.830723545,0.879296225,1.080699705,1.151635237,1.076873208,0.89776269
N-carbamoyl-beta-alanine,0.953711472,1.073046239,0.801391261,0.869645294,0.829390694,0.933169612,0.86705878,0.818053185,0.957404672,0.767255737,0.832602467,0.794062525,0.893420946,0.943480655,1.104198117,0.884894721,0.960260696,0.915811642,1.030404128,1.125126697,1.085169426,1.03493853,1.164436971,1.170345265,0.937904467,1.017785252,0.970673471,1.092130637
NAD,1.032041321,1.058494497,0.95385876,0.926350586,0.956032082,0.980536998,0.992022875,1.026291056,1.115380728,1.063915678,1.033233591,1.06633976,1.093672071,1.034543741,1.124349806,1.072470912,1.041542102,1.074914487,1.102466584,1.025631897,0.971161167,1.002278453,1.027968751,1.086807413,1.036660771,1.006764684,1.039022754,1.065654878
NADP,0.929817947,0.981698267,0.971722906,0.961218507,0.893758218,0.943626542,0.985308271,1.070193074,1.105407628,1.074149912,1.06253827,0.987967152,1.043091977,1.086150504,1.121890134,1.090166341,1.078381559,1.002698527,1.058645308,1.055796213,0.989189923,0.919766543,0.971086033,1.03290486,1.003697312,0.992847267,0.923167207,0.974676441
niacinamide,0.977191421,0.973731393,0.987225156,0.988555501,0.966007955,0.962587526,0.980999325,1.03138476,0.885259216,0.873950167,0.875127868,0.855167445,0.852139478,1.051361335,0.90240553,0.89087744,0.892077951,0.871730921,0.868644306,0.996459212,1.00134756,0.978508246,0.975043555,0.858321017,0.847356099,0.848497963,0.82914493,0.826209104
NMMA,0.863355823,0.912063959,0.866029611,0.919171125,0.793571743,0.838342856,1.006908492,0.939737665,0.992091684,0.859180775,0.911902029,0.787295927,0.831712975,0.933290038,0.985284851,0.853285857,0.905645386,0.781894217,0.826006516,1.056417221,1.061362236,0.916333267,0.968030243,1.055711313,0.914277258,0.970379355,0.837782667,0.885048036
oleylcarnitine,0.89855333,0.755875452,1.070961456,1.298562706,1.166827844,0.981551672,0.985221324,1.114828054,0.928338422,0.994214668,1.205505653,1.08321112,0.911212131,1.131550878,0.942263834,1.009128248,1.223588674,1.099459678,0.924880643,0.84121379,1.212520487,1.089514321,0.916514471,0.832718928,0.891809876,1.081337744,0.971639632,0.817356657
ornithine,0.839596322,0.929133683,0.982631863,1.02001072,0.856397249,0.947726318,1.086264538,0.916961673,0.958270713,0.941627335,0.9774464,0.820660402,0.908178374,0.84414214,0.882170667,0.866849006,0.899823538,0.755488533,0.836056358,1.106643346,1.038039534,0.871534175,0.964477495,1.045049909,1.026899339,1.065962111,0.894977868,0.990421302
oxalate,0.957742652,0.927352454,1.110045895,1.176722844,1.126997657,1.091236817,0.912243533,0.970352452,0.909854536,1.009980293,1.070646617,1.025403931,0.992866768,1.063698911,0.997381185,1.10713889,1.173641225,1.124046259,1.08837907,0.968268931,1.06006684,1.015271227,0.983055585,0.937653668,1.040838605,1.103358491,1.056733487,1.023202204
palmitoylcarnitine,0.948631687,0.797409263,1.188636895,1.147387958,1.088448575,0.914937787,0.927359512,0.962773978,0.901796519,1.071908614,1.034710467,0.981559136,0.825087711,1.038188497,0.972434647,1.155871699,1.115759804,1.058445105,0.889717203,0.840588897,0.965297278,0.915711585,0.769736991,0.936664824,1.113354368,1.074717941,1.019511493,0.856990042
pantothenate,0.800592892,1.164159677,0.929908048,0.928288194,0.74318093,1.080675684,0.963932275,1.051356576,1.096667783,1.019800198,1.018023756,0.815022583,1.185142207,1.090695481,1.137702109,1.057958348,1.056115437,0.845518512,1.229487006,1.454121924,0.998258049,0.799198299,1.162131768,1.043097849,0.969985085,0.968295419,0.77521043,1.127250482
PEP,0.922931485,0.918049072,0.89047548,0.962586573,0.888401455,0.88370171,0.89221731,0.885828553,1.051588061,0.936413383,1.012244548,0.934232364,0.929290168,0.992839462,1.178623246,1.0495351,1.13452691,1.047090606,1.041551377,0.994709886,1.080980436,0.997670879,0.992393086,1.18712369,1.057104538,1.142709324,1.054642414,1.049063235
phenylalanine,0.908360968,0.967560745,1.00579214,1.006464488,0.914233057,0.97381553,0.986083718,1.060852589,0.896519827,0.901712595,0.902315369,0.819628062,0.87304493,1.07582406,0.909172122,0.914438174,0.915049455,0.831195209,0.885365932,1.065172083,1.000668477,0.908968187,0.968207537,0.845093688,0.849988589,0.850556786,0.772612586,0.822965358
phosphocreatine,0.816590024,0.787433983,0.692107991,0.90184683,0.736439124,0.710144841,1.259535313,1.369344106,1.443512202,0.99906633,1.301826902,1.063058862,1.025102743,1.087181988,1.146067273,0.793202318,1.033577136,0.844008779,0.813873761,0.964295374,1.303043515,1.064052335,1.026060745,1.054163227,0.729594793,0.950693764,0.776327044,0.748608577
pipecolic acid,0.981594616,0.946219239,0.907357101,1.033256551,1.014239067,0.977687227,1.054407853,0.942068665,1.14388906,1.037915862,1.181930865,1.160176973,1.118365724,0.893457558,1.084863943,0.984359002,1.120942776,1.100311393,1.06065762,0.963961318,1.138754025,1.11779482,1.077510967,1.214231088,1.1017412,1.254612226,1.231520606,1.187138226
proline,0.943762353,1.051149643,0.955161181,0.957672284,0.903815048,1.00665688,0.972247967,0.922341498,1.006364208,0.961240025,0.96376711,0.909567115,1.013063454,0.948668991,1.035090061,0.988677845,0.991277063,0.935529974,1.041980532,1.113786368,1.002628984,0.946243489,1.053913099,1.09109718,1.042173671,1.044913529,0.986150051,1.098360483
propionylcarnitine,0.946702001,0.952151961,0.95756313,1.037791673,0.982479453,0.988135377,1.082545743,0.990834804,1.007973815,0.965198561,1.046066832,0.990313563,0.996014585,0.915282158,0.931114294,0.891600718,0.966302661,0.914800662,0.920066973,1.005756785,1.083784077,1.026020554,1.031927134,1.017297546,0.974126623,1.055742922,0.999473937,1.005227694
putrescine,0.98340368,1.062130875,0.938958276,0.977875901,0.96164676,1.038632187,0.99353947,0.854334631,1.031112487,0.968171603,1.008300053,0.991565982,1.070946618,0.859889976,1.037817337,0.974467177,1.014856564,0.998013679,1.07791049,1.080055827,1.041447662,1.024163463,1.106153717,1.206918752,1.133246351,1.180216763,1.160629508,1.253544663
pyroglutamic acid,0.845679396,0.961211475,0.960357439,1.000180423,0.845831976,0.9613849,1.014749543,1.024243262,0.913385495,0.877176554,0.913550291,0.772570658,0.878115023,1.009355727,0.900109294,0.864426656,0.900271695,0.761341223,0.865351484,1.136614514,1.041466836,0.880747045,1.001069874,0.891766174,0.856414278,0.891927069,0.754284345,0.857330534
ribose-5-P/ribulose5-P,0.960844748,1.017248546,0.971187765,0.945223503,0.908213039,0.961527234,0.946304458,1.01891421,1.015725231,0.986459918,0.960087361,0.922494899,0.976647472,1.0767298,1.073359872,1.042433976,1.014564978,0.974839431,1.032064748,1.058702301,0.973265456,0.935157001,0.990052869,0.996870219,0.968148161,0.942265161,0.905370531,0.958517864
sarcosine,1.02183267,1.010904789,0.915479564,0.923155672,0.943310624,0.933222489,0.950364647,0.874366534,0.958453783,0.877444851,0.884802046,0.904119636,0.894450625,0.920032681,1.008511613,0.923271771,0.931013215,0.951339719,0.941165718,0.989305606,1.008384794,1.030400526,1.019381017,1.096169336,1.003520626,1.01193494,1.034028181,1.022969877
SDMA/ADMA,0.863410325,0.924924195,0.926382245,0.957070186,0.826344281,0.885217371,1.003074214,0.923673433,0.97385785,0.902164621,0.932050313,0.804741865,0.862075886,0.920842565,0.970873178,0.899399674,0.929193773,0.802275498,0.859433803,1.071245233,1.033126651,0.892012218,0.955563836,1.054331343,0.976713836,1.009069094,0.871240675,0.933312419
serine,0.920447941,0.994413854,1.153246311,1.168026329,1.075107429,1.161501563,0.976124948,0.99441304,0.780974917,0.900656442,0.912199265,0.839631935,0.907103587,1.018735401,0.800076792,0.922685609,0.934510759,0.860168503,0.929290445,1.080358606,1.012816011,0.932244412,1.007158273,0.785362707,0.905716645,0.91732432,0.844349281,0.912200012
serotonin,1.055793601,1.116517249,1.025868989,0.960056167,1.013621158,1.071919271,1.160680469,1.266429248,1.218056652,1.249566547,1.169402801,1.234647994,1.305658398,1.091109295,1.049433229,1.076581006,1.007514844,1.063727725,1.124907702,1.057514696,0.935846757,0.988061018,1.044889047,0.96180395,0.986684846,0.923385813,0.974904833,1.030976188
sorbitol,0.857279657,0.95568665,0.974949833,0.980546744,0.840602777,0.937095433,1.077264334,1.047046331,1.03102819,1.005200761,1.010971335,0.86668516,0.966171808,0.971949314,0.957080038,0.933105023,0.938461715,0.804524138,0.896875333,1.114789838,1.005740718,0.862201058,0.961172977,0.984701593,0.960034653,0.965545941,0.827742893,0.922759365
stearoylcarnitine,0.912389953,0.812702803,1.14443905,1.124111396,1.025627944,0.913568483,0.867932398,0.988080337,0.895867732,1.025266016,1.007055127,0.91882698,0.818436525,1.138430066,1.032186072,1.181274047,1.160292127,1.058638879,0.942972664,0.890740632,0.982237889,0.896183981,0.798267486,0.906674992,1.037634267,1.019203692,0.929911208,0.828309697
succinate/methylmalonate,1.013921659,1.034344117,0.98135833,0.990691146,1.004483211,1.024715558,1.093598961,1.064911768,1.040231774,1.020840116,1.030548408,1.044895352,1.065941683,0.973768087,0.951200404,0.93346844,0.942345818,0.955464836,0.974709853,1.020142047,1.0095101,1.023564156,1.044180833,0.976824376,0.958614738,0.967731261,0.981203685,1.000967136
sucrose,0.789464445,0.924581843,0.919643079,1.048556467,0.82779805,0.969476271,1.102429765,1.105933476,1.052639704,0.968052819,1.103752169,0.871373094,1.020509215,1.003178171,0.954836069,0.878108383,1.001199535,0.790411436,0.925690912,1.171150707,1.14017763,0.900129701,1.054187535,0.951811051,0.875326446,0.998027633,0.787907331,0.922758228
taurine,0.87988785,1.086377291,1.040198184,1.013743941,0.891980977,1.101308396,0.967900642,0.948416653,0.985131949,1.024732464,0.998671544,0.878718958,1.084934086,0.979869846,1.017802764,1.058716587,1.031791385,0.907860704,1.120914729,1.234676999,0.974568074,0.857510608,1.058748624,1.0387122,1.080466545,1.0529882,0.926511523,1.143942467
taurocholate,1.049048022,0.879279592,0.97132784,0.886091908,0.929552964,0.779122531,1.067314004,1.006170508,1.03615633,1.006447489,0.91812974,0.963162187,0.807292743,0.942712739,0.970807397,0.942972252,0.860224579,0.902416893,0.756377917,0.838169057,0.91224803,0.956991992,0.802121076,1.029801929,1.000275283,0.912499157,0.957255435,0.802341886
taurodeoxycholate/taurochenodeoxycholate,0.905233391,0.947640371,0.911651825,1.003619678,0.908510045,0.951070524,1.162438142,1.116113342,1.036910426,0.945301282,1.040663708,0.942043537,0.986174942,0.960148589,0.892013422,0.813205664,0.895242224,0.810403154,0.848367673,1.04684646,1.100880458,0.99655375,1.043238765,0.929036851,0.846958141,0.932399666,0.844039311,0.883579565
thiamine,0.857231915,0.972811882,0.98310573,0.964791222,0.827049827,0.938560364,0.977688833,1.03107468,0.91137719,0.895980137,0.879288713,0.753754348,0.855382508,1.054604129,0.932175105,0.916426686,0.899354359,0.770955259,0.874902606,1.134829285,0.981370765,0.841262341,0.954689141,0.88390997,0.868976956,0.852788581,0.731037588,0.829602864
threonine,0.919397389,0.990615712,0.984281954,1.02461073,0.942024431,1.014995489,0.982046476,1.081765959,0.922723306,0.908219898,0.9454322,0.869227897,0.936559993,1.101542529,0.939592299,0.924823744,0.962716352,0.8851189,0.953681944,1.077461959,1.040972789,0.957067664,1.031204001,0.852978686,0.839571527,0.873971114,0.803526761,0.865769518
thymidine,1.020899962,0.759499593,0.809919721,0.960793807,0.980874362,0.729722506,0.953762473,0.838664036,0.942639849,0.763462603,0.905682529,0.92461126,0.687865512,0.879321697,0.988338162,0.800474568,0.949589185,0.969435564,0.7212126,0.743951044,1.186282767,1.211076032,0.900981279,1.123977908,0.910331874,1.079911014,1.102481113,0.820191975
thymine,0.955048867,0.962443282,1.027372335,1.02609343,0.979969367,0.987556729,1.079675248,1.0157144,0.987798302,1.014836648,1.013573348,0.968012077,0.97550686,0.940759179,0.914903165,0.939946201,0.938776127,0.896577076,0.903518777,1.007742448,0.998755169,0.953859992,0.961245203,0.9725158,0.999135828,0.997892073,0.953035693,0.960414522
thyroxine,0.99134682,0.913926305,0.967214497,0.976656666,0.96820548,0.892592217,0.946784736,0.961384816,0.909535822,0.879716233,0.888304223,0.880617567,0.811844596,1.015420696,0.960657463,0.929161825,0.938232514,0.93011382,0.857475375,0.921903703,1.009762228,1.001024573,0.922848261,0.946068429,0.9150511,0.923984037,0.915988637,0.844453316
trimethylamine-N-oxide,0.985507494,0.953720216,1.040915574,1.077354786,1.061741216,1.02749504,0.94216015,0.973225569,0.922552643,0.960299414,0.993916506,0.979512165,0.947918265,1.032972546,0.979188775,1.019252846,1.054933713,1.03964508,1.006111609,0.96774527,1.035006885,1.020007042,0.98710699,0.94793301,0.986718234,1.021260166,1.006459547,0.973996466
tryptophan,0.945156824,0.985673304,1.080287382,1.04916489,0.991625355,1.034133823,0.981650993,1.042559498,0.858825077,0.927777894,0.901049118,0.851632722,0.888140061,1.062047006,0.874878224,0.945119906,0.917891516,0.867551429,0.904741163,1.042867469,0.971190544,0.91792737,0.957276592,0.82376601,0.889904026,0.864266375,0.816867262,0.851884293
tyrosine,0.88592488,0.966115273,0.936897613,0.956932278,0.847770113,0.924506889,0.989398444,1.05610544,0.959930461,0.899356558,0.918588443,0.813800356,0.887462324,1.067421772,0.970216263,0.908993301,0.928431259,0.822520352,0.896971619,1.090516018,1.021384049,0.904869542,0.98677473,0.908934302,0.851578378,0.869788572,0.770567337,0.840316024
UDP-galactose/UDP-glucose,0.974948448,1.056710641,0.98785808,0.960024024,0.935973933,1.014467602,1.015669018,1.11801485,1.14881908,1.134870211,1.102893916,1.075264712,1.165439737,1.100766914,1.131095918,1.117362242,1.085879255,1.058676295,1.147460163,1.083863093,0.971823831,0.947478136,1.026936583,1.027552612,1.015076151,0.986475194,0.96176246,1.042418834
UMP,1.079707886,1.144354807,1.106838214,0.95933166,1.035797959,1.097815796,1.024126405,0.91892441,1.07945623,1.194783405,1.035556537,1.118098559,1.1850441,0.897276358,1.054026363,1.166636657,1.011160861,1.091758356,1.157126791,1.059874454,0.866731604,0.935816948,0.991848477,1.174695348,1.300197701,1.126922438,1.216747044,1.289599109
uracil,0.830487886,0.830007538,1.124503175,1.171958413,0.973297265,0.972734317,1.117044463,1.086577675,0.897184037,1.008886298,1.05146238,0.873226769,0.872721702,0.972725538,0.803176657,0.9031747,0.94128964,0.781729643,0.781277497,0.999421608,1.042201071,0.865535364,0.865034745,0.825697101,0.928499012,0.967682665,0.80364873,0.803183906
urate,0.835789869,0.982542392,0.912765983,0.942076625,0.787378099,0.92563022,1.1797159,1.124728026,1.122589243,1.024661274,1.057565085,0.883902184,1.039102528,0.953388885,0.95157592,0.86856613,0.896457431,0.749250039,0.880807429,1.17558543,1.032111891,0.862628662,1.014093687,0.998098399,0.911030266,0.940285171,0.78588082,0.923870042
uridine,1.08759461,1.14468933,1.104746467,0.942424949,1.024976295,1.078783783,0.945335132,1.080057233,0.985220145,1.088418475,0.928496045,1.009827294,1.062839516,1.14251253,1.0421914,1.151357267,0.982187177,1.068221479,1.124299182,1.052496325,0.853068986,0.927793232,0.976498967,0.912192534,1.00774148,0.859673002,0.934975724,0.984058514
valerylcarnitine/isovalerylcarnitine/2-methylbutyroylcarnitine,0.93536422,0.845843253,0.742100242,0.998757668,0.934202188,0.844792435,1.179727253,1.067268103,1.177924639,0.87413816,1.176461266,1.100419775,0.995101824,0.904673602,0.998472008,0.740966319,0.997231574,0.932774734,0.843501598,0.904292931,1.345852772,1.258862529,1.138380486,1.103682042,0.81904271,1.102310902,1.031062178,0.932382239
valine,0.932785776,0.960919735,1.060393085,1.067358186,0.995616535,1.025645546,0.968121655,1.065928432,0.859571197,0.911483354,0.917470354,0.855803297,0.88161537,1.101027362,0.887875189,0.941496711,0.947680852,0.883983219,0.910645233,1.030161222,1.006568414,0.9389127,0.967231455,0.806406107,0.85510746,0.86072416,0.802871254,0.827086832
xanthine,0.822135365,0.946713634,0.975826453,0.955244447,0.785340242,0.904342942,1.133086275,1.086969408,1.042674798,1.01746965,0.996009311,0.818854479,0.942935595,0.959299774,0.920207774,0.897963088,0.879023366,0.722676196,0.832183406,1.151530118,0.978908128,0.804794992,0.926745672,0.959249443,0.936060981,0.916317703,0.75333719,0.867490463
xanthosine,0.969469,1.000350072,1.038611785,0.973962069,0.944226034,0.974303026,0.986684534,0.935511551,0.914543145,0.949855288,0.890730333,0.863535446,0.891042153,0.94813643,0.926885051,0.962673737,0.902750882,0.875188995,0.90306691,1.031853593,0.937753724,0.909123165,0.938082005,0.97758616,1.015332506,0.952131839,0.923062302,0.952465153
