metabolite_name,HEPA_WTN1_21-1,HEPA_WTN2_21-2,HEPA_WTN3_21-3,HEPA_WTN4_21-4,HEPA_WTN5_21-5,HEPA_WTN6_21-6,HEPA_WTN7_21-7,HEPA_WTN8_21-8,HEPA_WTN9_21-9,HEPA_WTN10_21-10,HEPA_WTN11_21-11,HEPA_WTN12_21-12,HEPA_WTN13_21-13,HEPA_WTN14_21-14,HEPA_WTN15_21-15,HEPA_WTN16_21-16,HEPA_WTN17_21-17,HEPA_WTN18_21-18,HEPA_WTN19_21-19,HEPA_WTN20_21-20,HEPA_WTN21_21-21,HEPA_WTN22_21-22,HEPA_WTN23_21-23,HEPA_WTN24_21-24,HEPA_WTN25_21-25,HEPA_WTN26_21-26,HEPA_WTN27_21-27,HEPA_WTN28_21-28,HEPA_WTN29_21-29,HEPA_WTN30_21-30,HEPA_WTH1_1-1,HEPA_WTH2_1-2,HEPA_WTH3_1-3,HEPA_WTH4_1-4,HEPA_WTH5_1-5,HEPA_WTH6_1-6,HEPA_WTH7_1-7,HEPA_WTH8_1-8,HEPA_WTH9_1-9,HEPA_WTH10_1-10,HEPA_WTH11_1-11,HEPA_WTH12_1-12,HEPA_WTH13_1-13,HEPA_WTH14_1-14,HEPA_WTH15_1-15,HEPA_WTH16_1-16,HEPA_WTH17_1-17,HEPA_WTH18_1-18,HEPA_WTH19_1-19,HEPA_WTH20_1-20,HEPA_WTH21_1-21,HEPA_WTH22_1-22,HEPA_WTH23_1-23,HEPA_WTH24_1-24,HEPA_WTH25_1-25,HEPA_WTH26_1-26,HEPA_WTH27_1-27,HEPA_WTH28_1-28,HEPA_WTH29_1-29,HEPA_WTH30_1-30,HEPA_WTA1_0-1,HEPA_WTA2_0-2,HEPA_WTA3_0-3,HEPA_WTA4_0-4,HEPA_WTA5_0-5,HEPA_WTA6_0-6,HEPA_WTA7_0-7,HEPA_WTA8_0-8,HEPA_WTA9_0-9,HEPA_WTA10_0-10,HEPA_WTA11_0-11,HEPA_WTA12_0-12,HEPA_WTA13_0-13,HEPA_WTA14_0-14,HEPA_WTA15_0-15,HEPA_WTA16_0-16,HEPA_WTA17_0-17,HEPA_WTA18_0-18,HEPA_WTA19_0-19,HEPA_WTA20_0-20,HEPA_WTA21_0-21,HEPA_WTA22_0-22,HEPA_WTA23_0-23,HEPA_WTA24_0-24,HEPA_WTA25_0-25,HEPA_WTA26_0-26,HEPA_WTA27_0-27,HEPA_WTA28_0-28,HEPA_WTA29_0-29,HEPA_WTA30_0-30,HEPA_DNN1_21-1,HEPA_DNN2_21-2,HEPA_DNN3_21-3,HEPA_DNN4_21-4,HEPA_DNN5_21-5,HEPA_DNN6_21-6,HEPA_DNN7_21-7,HEPA_DNN8_21-8,HEPA_DNN9_21-9,HEPA_DNN10_21-10,HEPA_DNN11_21-11,HEPA_DNN12_21-12,HEPA_DNN13_21-13,HEPA_DNN14_21-14,HEPA_DNN15_21-15,HEPA_DNN16_21-16,HEPA_DNN17_21-17,HEPA_DNN18_21-18,HEPA_DNN19_21-19,HEPA_DNN20_21-20,HEPA_DNN21_21-21,HEPA_DNN22_21-22,HEPA_DNN23_21-23,HEPA_DNN24_21-24,HEPA_DNN25_21-25,HEPA_DNN26_21-26,HEPA_DNN27_21-27,HEPA_DNN28_21-28,HEPA_DNN29_21-29,HEPA_DNN30_21-30,HEPA_DNH1_1-1,HEPA_DNH2_1-2,HEPA_DNH3_1-3,HEPA_DNH4_1-4,HEPA_DNH5_1-5,HEPA_DNH6_1-6,HEPA_DNH7_1-7,HEPA_DNH8_1-8,HEPA_DNH9_1-9,HEPA_DNH10_1-10,HEPA_DNH11_1-11,HEPA_DNH12_1-12,HEPA_DNH13_1-13,HEPA_DNH14_1-14,HEPA_DNH15_1-15,HEPA_DNH16_1-16,HEPA_DNH17_1-17,HEPA_DNH18_1-18,HEPA_DNH19_1-19,HEPA_DNH20_1-20,HEPA_DNH21_1-21,HEPA_DNH22_1-22,HEPA_DNH23_1-23,HEPA_DNH24_1-24,HEPA_DNH25_1-25,HEPA_DNH26_1-26,HEPA_DNH27_1-27,HEPA_DNH28_1-28,HEPA_DNH29_1-29,HEPA_DNH30_1-30,HEPA_DNA1_0-1,HEPA_DNA2_0-2,HEPA_DNA3_0-3,HEPA_DNA4_0-4,HEPA_DNA5_0-5,HEPA_DNA6_0-6,HEPA_DNA7_0-7,HEPA_DNA8_0-8,HEPA_DNA9_0-9,HEPA_DNA10_0-10,HEPA_DNA11_0-11,HEPA_DNA12_0-12,HEPA_DNA13_0-13,HEPA_DNA14_0-14,HEPA_DNA15_0-15,HEPA_DNA16_0-16,HEPA_DNA17_0-17,HEPA_DNA18_0-18,HEPA_DNA19_0-19,HEPA_DNA20_0-20,HEPA_DNA21_0-21,HEPA_DNA22_0-22,HEPA_DNA23_0-23,HEPA_DNA24_0-24,HEPA_DNA25_0-25,HEPA_DNA26_0-26,HEPA_DNA27_0-27,HEPA_DNA28_0-28,HEPA_DNA29_0-29,HEPA_DNA30_0-30
Glycine ,0.935370357,0.945856441,0.926478991,0.963214301,0.945845742,1.025639242,0.96458181,0.899362214,0.887685183,0.955936643,0.942220722,0.924266309,0.931585715,0.908609666,0.876220483,0.935353821,0.910270378,0.896548388,0.92181565,0.924335412,0.950970097,0.928850905,0.890008148,0.899750471,0.905915549,0.921151401,0.877549642,0.91539776,0.92979407,0.955778768,0.963438909,0.976660572,0.957539353,0.988008364,0.957923147,0.902407042,1.000571177,0.940116088,0.947004355,0.908457772,0.968902586,0.974985736,0.920745529,0.921619458,0.925043759,0.909702231,0.929002589,0.883693994,0.909906703,0.938543683,0.912767551,0.781821468,0.951018013,0.939020633,0.918276651,0.942839435,0.955874802,0.927099948,0.89629937,0.931390933,0.951657295,0.939603399,0.996744122,0.957120144,0.964811313,0.934897691,0.931546259,0.986896266,1.032575228,0.985364342,1.119048588,1.067190168,1.087423237,0.968309984,0.984027068,0.963078289,0.930957963,0.984719256,1.050773204,1.298220135,0.933331522,0.982112097,1.011064787,0.946432756,0.978759865,0.968860187,0.962431486,0.949781562,1.107866728,1.051411917,0.890509407,0.896799538,0.898915714,0.929219245,0.959721552,0.922237024,0.973118411,0.944082003,0.953282709,0.938972443,0.929652259,0.043945377,0.941851421,0.948117044,0.937788206,0.92483269,0.922973587,0.906202065,0.921766476,0.939266118,0.908560109,0.899226423,0.956351983,0.947766953,0.935817,0.915186152,0.884995691,0.919779279,0.941341839,0.98760074,0.90177071,0.955342409,0.956746241,0.976329908,0.961554803,0.931304523,0.956490033,0.975826643,0.951492941,0.944247177,0.956007628,0.919245297,0.968559862,0.938021073,0.902004506,0.921016991,0.929332199,0.959566437,0.906766783,0.913752563,0.904919138,0.886863977,0.91720692,0.963896226,0.937818182,0.940198368,0.894447164,0.921008352,0.928332975,0.952466644,0.965480857,0.940615969,0.987075341,1.01467979,0.990037863,1.006755124,0.988039548,1.013332685,1.00895769,1.015505031,1.061217283,1.106721864,1.075326428,1.060712383,0.928785549,0.962285956,0.934863631,1.0067072,1.232261213,0.930646095,1.040981327,0.958587418,0.979488429,0.948857229,0.942688688,0.933888042,0.969441082,0.95408274,1.004638846,0.998712459
Lactate,0.537652722,0.541055988,0.249795199,0.123234078,0.939366813,2.218547756,0.401090815,0.134211251,0.127227985,0.505893327,0.097283326,0.355495716,0.07482084,0.07412753,0.385309437,0.356684853,0.614863899,0.345819909,0.42629474,0.560471962,0.500923467,0.453213657,0.371141678,0.554301174,0.359248267,0.614930789,0.604136571,0.357024424,0.547811542,0.786986991,0.575977003,1.111810543,1.196572403,1.907923504,0.865869925,0.077905668,1.636103448,2.019218028,1.877828295,0.308666836,1.200792685,1.800950793,1.465808158,0.952257256,0.178092977,1.946260951,2.584006522,1.959575195,1.612787354,2.113907011,2.370520221,0.985418973,2.424381295,1.878790624,2.101792046,1.970230016,2.217638768,1.239452081,2.037476772,2.001651135,1.50676678,2.164601859,1.976457336,1.212471586,2.168047729,0.144811678,1.45961392,0.360690475,1.672958439,2.081864591,1.128964349,1.031845242,3.024655134,1.440014857,3.366688975,2.27819232,2.432504953,2.153260792,3.105642757,2.691056591,2.580929527,3.010975876,2.825497028,1.577336117,1.357604709,2.074029726,0.950488033,2.256174141,2.996315937,1.150417254,0.164215327,1.940215016,0.316967116,0.040095775,0.154156559,0.261028625,0.328895945,0.89078467,0.068639475,0.040780545,1.412921363,0.30061048,0.512760193,0.782659664,0.202100177,0.309299696,0.357167453,0.500064591,0.797725421,0.399876141,0.642034238,0.673358029,0.408961474,0.235594238,0.443736086,0.375633746,0.209420833,0.222740665,0.337664403,0.177473833,0.921020224,0.931611959,0.872629283,0.839089963,1.171702818,1.023296672,1.712367415,0.676948916,1.120696556,1.359085196,1.428446092,0.44556517,1.254909527,0.66691933,2.292982596,1.951669331,1.923479739,2.52475138,0.198869151,2.564344985,2.029673516,2.032454177,2.174622379,2.282592388,2.259542044,2.497581299,2.158595945,1.227468955,2.058291704,1.95652968,0.703375481,0.482441527,1.163135136,1.41165756,0.708624425,1.769823508,0.067237731,1.9753171,3.060272772,1.24116403,1.625790502,2.574624895,2.732071374,3.353307685,1.753805748,2.248817932,1.845422965,3.720417608,2.196350389,1.677997029,3.217345309,2.009631802,2.712936703,2.057367996,1.578108838,2.264199804,2.152962067,1.863207351,2.705314496,1.961128612
Pyruvate,0.038012312,0.031566497,0.014623076,0.012702377,0.036699068,0.063587472,0.03809326,0.018300342,NA,0.043924962,0.013831046,0.039902053,0.013787683,0.003474698,0.031966306,0.007280312,0.010723065,0.006198778,0.008551751,0.012984888,0.008670778,0.007600973,0.008628076,0.006117102,0.015479288,0.01589386,0.014269501,0.006095542,0.013384525,0.020469003,0.008094733,0.019239046,0.015207103,0.022519179,0.015125462,NA,0.018489497,0.082288809,0.03333505,NA,0.02010116,0.024086866,0.035004445,0.018369874,0.004725272,0.034422879,NA,NA,NA,NA,0.053982957,0.010545468,0.045761149,0.054318583,0.033697443,0.026154061,0.043356294,0.005216624,0.038980912,0.01654884,0.007892306,0.034114428,NA,0.016614116,0.048809531,0.005082983,0.027176326,NA,0.010484075,NA,0.030422072,0.022377348,NA,0.017847221,0.027274577,0.032241033,0.053886555,0.023250743,0.033843445,0.011704556,0.041644844,0.043900005,0.062331169,0.014107047,0.04450013,0.006418581,0.044818689,0.042717452,0.009221385,0.034325848,0.011389608,0.133076274,0.02941795,0.003402514,0.022035557,0.009290551,0.007998358,0.018146229,0.006848182,0.011301027,0.061869095,0.016886893,0.055247034,0.052184117,0.017620077,0.009569663,0.012567252,0.012799573,0.017201556,0.008618315,0.009950271,0.007066497,0.005881526,0.010205907,0.017391943,0.01604995,0.013372031,0.008114292,0.012531437,0.012265572,NA,NA,0.019942387,0.015472889,0.035136262,0.060628376,0.033210371,0.003780584,0.022977256,0.024532036,0.018808659,NA,0.020640613,0.004536746,0.038116618,0.029232842,0.024691774,0.038645241,NA,0.036437007,0.024937608,0.030450324,0.037568803,0.043869168,0.048260207,0.060267916,NA,0.012484317,0.027334637,0.02816353,0.011214893,0.00821429,NA,0.015945592,NA,0.015179979,0.010151854,NA,0.04306423,0.019430053,0.021199942,NA,0.043093653,0.065630402,0.017416251,0.031741838,NA,0.070622554,0.021287861,0.017063068,0.069232328,NA,0.044951878,0.033756792,0.031012653,0.045915396,0.037469901,0.030496398,0.007500717,0.024537673
Leucine,0.026737099,0.023759288,0.02067534,0.029574731,0.034422282,0.16510936,0.029458766,0.02329428,0.016821544,0.052651963,0.019859993,0.129419017,0.018205271,0.027750118,0.028141685,0.320778058,0.017573821,0.012022039,0.016803045,0.018943524,0.025076405,0.018768802,0.014331202,0.015930232,0.015423767,0.020059754,0.017084677,0.01781739,0.017779806,0.021745709,0.023124657,0.029283753,0.038836051,0.045142405,0.031517718,0.011392565,0.050723481,0.049167464,0.047907695,0.017810002,0.033778143,0.039634705,0.035653543,0.033665052,0.016087431,0.036826118,0.072741177,0.046950014,0.030456221,0.051640623,0.074968753,0.058750259,0.054022709,0.043196477,0.042655296,0.039267608,0.055413735,0.02566888,0.043630925,0.038409663,0.037196219,0.063994221,0.050966991,0.029824013,0.066181551,0.024414623,0.043745568,0.026922404,0.043343203,0.218715548,0.204247174,0.147443937,0.125482248,0.040466011,0.117174707,0.062299046,0.077920433,0.054582232,0.131064612,0.056959479,0.078031895,0.095510638,0.10730554,0.033565482,0.096786721,0.048016576,0.085463182,0.059627325,0.086297149,0.117432749,0.018860393,0.078560008,0.02231902,0.011359525,0.019816221,0.015555361,0.0185263,0.024370635,0.015800478,0.069292059,0.070055644,0.043685805,0.040723529,0.04502657,0.030685753,0.015006474,0.018018644,0.017627331,0.021904473,0.02173674,0.020359859,0.021608037,0.021380153,0.015740496,0.022649453,0.018032495,0.015028313,0.01688855,0.01672368,0.025116968,0.035702635,0.032878428,NA,0.034664554,0.031572002,0.049140508,0.034912612,0.029911486,0.046956293,0.048200894,0.053631356,0.038484298,0.048744148,0.031783868,0.069746013,0.061720193,0.059645111,0.086110349,0.280698529,0.098341183,0.063129109,0.066986043,0.088691548,0.084776455,0.083948811,0.104900804,0.065624376,0.030763352,0.055544519,0.055495931,0.039955485,0.021297165,0.051160249,0.04640098,0.035538668,0.053765025,0.015925284,0.049881459,0.135050436,0.067394883,0.067898666,0.302189615,0.110586194,0.154429054,0.053011875,0.082364096,0.058671467,0.262032288,0.067140128,0.047904572,0.152210598,0.071933795,0.106031767,0.067212365,0.051141355,0.077043098,0.074619815,0.062537773,0.091742598,0.085416233
Glycerol,0.067823087,0.062659475,0.057782487,0.041754539,0.088869076,0.497618197,0.088392836,0.058634832,0.046967638,0.085970546,0.051777769,0.092773873,0.053670736,0.049771802,0.075910707,0.056060256,0.061278709,0.040307313,0.051250157,0.057715345,0.084695936,0.058449592,0.042800571,0.050266046,0.057832535,0.061342118,0.046611906,0.063013912,0.074322098,0.076359382,0.032640084,0.067790289,0.083657609,0.117343563,0.081158366,0.025706205,0.155303031,0.114176111,0.111102579,0.026596505,0.081498118,0.100615618,0.093562236,0.068929822,0.036224496,0.111634907,0.193880075,0.112296045,0.080482379,0.148076212,0.218609308,0.131967359,0.172634082,0.107854052,0.128645409,0.115506383,0.170687476,0.055909008,0.125043234,0.12652931,0.087124395,0.123381559,0.147755705,0.057597662,0.152407152,0.102869989,0.112071983,0.038775893,0.126873954,0.152986703,0.505042107,0.280086245,0.364728978,0.133233836,0.401381674,0.190008428,0.220143881,0.180418845,0.295205355,0.169192621,0.21725284,0.311605199,0.259108098,0.116408172,0.221259568,0.138574352,0.227728455,0.156741573,0.298953829,0.375904175,0.049551957,0.196224639,0.046647512,0.018923725,0.05961894,0.023404627,0.023631128,0.052245618,0.046067865,0.038996585,0.327761815,0.107999165,0.110188777,0.140316201,0.071559562,0.051447753,0.08030127,0.063574559,0.08281052,0.067782786,0.069992076,0.064129664,0.075958939,0.055679264,0.076200556,0.06768324,0.046639973,0.067846534,0.056385728,0.091288664,0.095580767,0.076228014,0.105289298,0.069360395,0.069652424,0.129320563,0.086054,0.087874392,0.143497974,0.149764205,0.137602652,0.076140193,0.13690342,0.084169722,0.18951005,0.184282035,0.171268716,0.225659072,0.146902882,0.228747316,0.142899762,0.164045353,0.222873384,0.197378496,0.204329406,0.250286608,0.179299348,0.088614801,0.177045614,0.175042064,0.119873189,0.056120076,0.169548497,0.114553278,0.087879147,0.115973175,0.031115351,0.107859053,0.362284516,0.267444504,0.278096479,0.912904421,0.271581195,0.449679764,0.160923002,0.235082495,0.152139644,0.544405665,0.12973553,0.110924665,0.412626662,0.196203758,0.349213689,0.182609998,0.136513493,0.221069762,0.228883281,0.152317847,0.285528841,0.235968654
Norleucine,0.620599732,0.617476033,0.605862443,0.602983061,0.63736113,0.603584155,0.65239825,0.64756012,0.624188319,0.649516666,0.668375582,0.664376685,0.618327069,0.655313204,0.684346001,0.635351076,0.656072219,0.640877554,0.636744047,0.651119982,0.62291857,0.662056011,0.603931752,0.61550107,0.637099165,0.647250256,0.59400396,0.634837679,0.640058016,0.652509658,0.614235205,0.653180311,0.631177363,0.671455887,0.642849393,0.594842991,0.634365471,0.702211744,0.668874827,0.646821405,0.601767363,0.675187205,0.665276925,0.615658699,0.627386321,0.64719608,0.669874496,0.639663096,0.631245465,0.674835611,0.6957991,0.649372159,0.67870845,0.673270193,0.690216346,0.676552618,0.685045699,0.642371167,0.578386618,0.640447107,0.610646887,0.661377134,0.647787805,0.612814302,0.666953354,0.665922916,0.633417332,0.568255888,0.638457749,0.712389778,0.750112862,0.707071422,0.726167885,0.644799046,0.70238539,0.694896698,0.716727204,0.666650196,0.69397509,0.89097336,0.686572001,0.708601596,0.747590737,0.663160006,0.701525555,0.682404014,0.679339176,0.663838021,0.732407336,0.700341876,0.618354248,0.649432117,0.598713472,0.611002943,0.630968086,0.593797248,0.623711595,0.618616167,0.649086092,0.60135191,0.662389342,0.597518553,0.67733119,0.655194694,0.631714753,0.643004181,0.654869614,0.648515863,0.636990351,0.622949552,0.622162125,0.627692928,0.70064145,0.631957324,0.655954477,0.645215234,0.641816473,0.619139647,0.633097942,0.644568547,0.635940975,0.625692028,0.610921248,0.636129145,0.663395891,0.648016626,0.647449292,0.584427627,0.652243588,0.670478574,0.659059837,0.624781824,0.617548257,0.627432026,0.708430415,0.651181597,0.664441157,0.682727362,0.649307089,0.667642257,0.675308869,0.663524141,0.679706576,0.69279377,0.699230582,0.703354289,0.648533176,0.662069768,0.68750739,0.666900124,0.567497904,0.536109648,0.527055378,0.678363147,0.653130291,0.677146937,0.625603853,0.667783925,0.625694597,0.634575973,0.658424945,0.594196582,0.706162483,0.678841925,0.68051479,0.690378682,0.676178702,0.744576501,0.901050195,0.643719395,0.700203003,0.674344195,0.741602591,0.68824643,0.667101978,0.651937717,0.702423684,0.684019192,0.685817368,0.66767938
Malonate,1.591211366,1.842264538,1.642488219,1.939728007,1.448367171,2.877870687,2.21484529,1.974281591,1.757891376,1.810071621,2.06591135,1.815226373,2.310481309,1.790669856,1.588913122,1.938872486,1.601673154,1.276974829,2.764559434,1.74430343,2.169073561,1.774351857,1.626477776,1.648055482,2.028414414,1.664678943,2.400456971,2.455843435,1.44170164,1.863252388,2.755103298,2.261628514,0.499049561,2.481077652,1.880902401,2.218286929,2.610195314,2.22761501,2.317184679,1.652245683,2.551806862,2.460601459,2.494796898,2.570207181,2.011233631,1.597812492,2.204380589,1.770029506,2.249191946,1.844004508,1.796841562,2.820484409,1.749153271,3.055044657,3.213880558,2.141341559,3.237490517,2.053507989,1.600448085,1.81569422,1.667447831,1.556568529,2.310035155,2.207697676,2.290465479,2.766106106,2.103641127,2.697120914,1.673726648,2.381251922,3.858094369,2.396378853,3.146672479,2.471234731,2.663154059,2.04649406,2.003710801,2.159919394,2.478319679,2.78690243,2.164081011,1.992099655,2.588433623,2.011488522,2.096005242,1.985008611,1.748588782,3.300152583,4.310270921,2.509850785,1.5488238,1.726153894,1.604365672,1.535333204,0.982810046,2.556766447,2.015496587,2.351901827,1.963555864,2.446240459,2.586562692,1.885047961,1.82217414,1.86042543,2.033807702,1.797124423,1.939128912,1.779065407,1.992915375,2.037504292,1.854019439,3.05788977,1.802231566,1.698764769,2.061287238,1.774870084,1.243563167,2.036531071,1.772359979,1.924504096,1.834169243,1.794570489,2.264712776,2.541828482,2.529387257,2.057863652,2.858508006,2.785258113,2.509108075,2.461247523,3.332407902,2.570977483,2.556595515,2.591363902,1.83224019,3.734916508,1.796174293,1.703819848,1.832708841,2.154442046,1.981741622,1.77666139,1.792607648,2.13640409,1.817924159,2.3481107,1.67187083,1.623183246,2.062517341,1.976731922,2.199932773,3.571130747,2.78833737,2.771883433,2.719075293,2.707269867,2.649585246,2.183976271,2.658654171,3.001872598,3.001326109,4.426912064,2.85926683,2.714849437,2.187446338,5.02632697,2.10635579,2.826661559,2.354732487,0.851401841,1.124906261,2.291155905,3.840231964,1.924937901,2.179532372,4.082263121,2.210332321,2.245543362,2.42969319,2.687434262
Phosphate,0.004557663,0.006361284,0.006790059,0.007388444,0.002205622,0.028899102,0.006253326,0.009382938,0.00366733,0.003684882,0.008990515,0.002626928,0.008201689,0.007096161,0.003761098,0.007539391,0.003876069,0.001843212,0.006646719,0.007492952,0.013933602,0.006930677,NA,0.004754511,0.003676839,0.006981007,0.004443177,0.005487948,0.00276436,0.005106402,0.001981399,0.004427728,0.008268228,0.014043437,0.006918927,0.002457675,0.012762475,0.007682139,NA,NA,0.006715393,0.016465414,0.009458152,0.004999605,0.001878061,0.007779586,0.002863522,0.006728467,0.004167263,0.008575185,0.014452065,0.009086486,0.010050224,0.010511086,0.009166338,0.007092896,0.012211635,0.005847151,0.007908128,0.007738039,NA,0.01457748,0.015650281,0.008597355,0.015421183,0.013616326,0.014033409,0.002118536,0.008424786,0.020505061,0.048609679,0.025298893,0.032045252,0.010692947,0.027890111,NA,0.017570334,0.017638298,0.029146437,0.017639444,0.016790404,0.023721118,0.023573347,0.003242302,0.025598206,0.007959584,0.022980939,0.015706059,0.029741844,0.032303556,0.003602161,0.01431315,0.005402672,0.001207826,NA,0.006291018,0.015025827,0.00300844,0.003343346,0.003490694,0.002626851,0.008861787,0.008408002,0.010619517,0.005790043,0.003640282,0.00566516,0.004868953,NA,NA,0.00659887,0.005097486,0.005370658,0.004382653,0.005888813,0.007002027,0.001897531,0.006953045,0.003468209,0.008005297,0.010232992,0.005399365,0.009354167,0.004303321,0.007126629,0.008677282,0.005588335,0.007112601,0.006833118,0.01235757,NA,NA,0.014256642,0.006080878,0.012094029,0.012116032,0.011478089,0.013737554,0.013658194,0.022498118,0.012967575,0.011701377,0.012717939,0.017825421,0.005319725,0.012165029,0.012862945,0.006292719,0.013452521,0.000729951,0.004229322,NA,0.003885184,0.017873376,0.009105765,0.011128634,0.002885979,0.006246893,0.031729557,0.033846492,0.04986643,0.067060487,0.006724157,0.027949193,0.015723271,NA,0.016316389,0.141878295,0.010225461,0.014033937,0.026742816,0.01856862,0.029121488,0.015294932,0.015167274,0.026810906,0.025961799,0.023173673,0.026733752,0.023389106
Threonine,NA,NA,NA,NA,NA,NA,NA,NA,NA,NA,NA,NA,NA,NA,NA,NA,NA,NA,NA,NA,NA,NA,NA,NA,NA,NA,NA,NA,NA,NA,NA,NA,NA,NA,NA,NA,NA,NA,NA,NA,NA,NA,NA,NA,NA,NA,NA,NA,NA,NA,NA,NA,NA,NA,NA,NA,NA,NA,NA,NA,NA,NA,NA,NA,NA,NA,NA,NA,NA,NA,NA,NA,NA,NA,NA,NA,NA,NA,NA,NA,NA,NA,NA,NA,NA,NA,NA,NA,NA,NA,NA,NA,NA,NA,NA,NA,NA,NA,NA,NA,NA,NA,NA,NA,NA,NA,NA,NA,NA,NA,NA,NA,NA,NA,NA,NA,NA,NA,NA,NA,NA,NA,NA,NA,NA,NA,NA,NA,NA,NA,NA,NA,NA,NA,NA,NA,NA,NA,NA,NA,NA,NA,NA,NA,NA,NA,NA,NA,NA,NA,NA,NA,NA,NA,NA,NA,NA,NA,NA,NA,NA,NA,NA,NA,NA,NA,NA,0.082103078,NA,NA,NA,NA,NA,NA,NA,NA,NA,NA,NA,0.002831141
Beta-alanine,0.020195884,0.024172916,0.021514441,0.024626626,0.01282833,0.018333177,0.015967422,0.03345336,0.024550217,0.014435468,0.02765718,0.01355064,0.026737333,0.018801467,0.010951928,0.02635481,0.022519696,0.018921555,0.022482597,0.028803451,0.036194011,0.02361173,0.019304718,0.020694904,0.024440783,0.025989891,0.018951943,0.025732099,NA,0.025232253,0.011273452,0.013523754,0.014506344,0.02569872,0.007553653,0.009222447,0.014546769,0.016761187,0.013028431,NA,0.017638555,0.013891305,0.011915594,NA,0.00828829,NA,0.021938437,NA,0.012634898,0.018090955,0.025242606,0.014962406,0.015833484,0.02077014,0.015759872,0.014143041,0.021754041,0.016488772,0.011558862,0.01937006,0.018759484,0.013396213,0.026656232,0.022456281,0.01725902,0.020352725,0.010724772,NA,0.021146019,0.014249222,0.02732546,0.024470497,0.042590932,0.024057898,NA,0.016078088,0.017134335,0.025467907,0.031492221,0.031397985,0.017480618,0.026911189,0.043906485,0.023824696,0.043667893,0.011828899,0.023758486,0.026219878,0.038389708,0.029145858,0.018358987,0.024721555,0.016216,0.01174261,0.022424582,0.010726618,0.009519541,0.009733898,0.016563594,0.014248569,0.032174492,NA,0.015025169,0.0174952,0.016189684,0.018246482,0.020792614,0.016857485,0.021475214,0.022872273,0.021480356,0.018150059,0.019847562,0.02019576,0.028964269,0.022975705,0.013447197,0.023649127,0.017582724,0.026700276,0.018598037,0.010810436,0.015422844,0.009706914,0.013737523,0.021484668,0.012040211,0.014811086,0.016959679,0.012833466,0.016626678,0.01361732,0.017525055,0.011788551,0.008499169,0.013136033,0.013674405,0.013457068,0.013572191,0.024163415,0.01516103,0.01479345,0.019036072,0.026111403,0.019987269,0.020712525,NA,0.013869141,0.012388556,0.014693803,0.022459404,0.004531238,0.02475846,0.033689578,0.019123978,0.015281911,0.026946627,0.005955684,0.020335504,0.03988297,0.071547786,0.034405295,0.040644464,0.01931667,NA,0.02083691,0.013847761,0.075462925,0.01240747,0.013973264,0.023851796,0.014631556,0.019414324,0.032769476,0.025920684,0.019776467,0.015339464,0.032037086,0.010351106,0.024465512
Erythronate/ Threonate,0.003153742,0.003039532,0.002679742,0.001913256,0.002682678,0.0086919,0.001755808,0.002537476,0.002665751,0.003080761,0.003577623,0.00187819,0.002334998,0.001621343,0.001633634,0.001818604,0.001829505,0.001235415,0.001631014,0.002569404,0.002536941,0.002037254,0.001399117,0.001570627,0.001205579,0.001971393,NA,0.001599161,0.003165074,0.00293506,NA,0.002792174,0.002340668,0.004401763,0.001294314,0.001641218,0.003546459,0.004130989,0.002916836,0.001516102,0.003628658,0.003989166,0.003875881,0.00140175,0.001161365,0.003798755,0.007221407,0.00351394,0.003864932,0.004030328,0.005351773,0.003901291,0.004892042,0.003233311,0.004219223,0.002736083,0.005290847,0.002743023,0.002441845,0.002353142,0.001781312,0.003346467,0.004045045,0.003011168,0.004470557,0.003158515,0.002392251,NA,NA,0.003929616,0.009099702,0.006224552,0.005471595,0.003242009,0.0060219,0.00472499,0.005667557,0.003116506,0.006221378,0.00628542,0.005629549,0.006641266,0.006472998,0.002264586,0.006399961,0.00221548,0.004948373,0.004155594,0.005093365,0.00601369,0.001583737,0.00519365,0.002712591,0.000513547,0.001686306,0.001563561,0.001501855,0.001727369,0.000579316,NA,0.008580153,0.003084038,0.002464987,0.002818342,0.00290009,0.001228804,0.001605432,0.001930007,0.001539388,0.001666726,0.002307646,0.001249352,0.001694218,0.00090085,0.00207495,0.001131169,0.001148245,0.001250514,0.001228841,0.002418836,0.002142058,0.002106173,0.00356984,0.001796971,0.004035738,0.003334227,0.003254302,0.001808041,0.003948412,0.002797978,0.003635555,0.001748528,0.006503994,0.002467249,0.003291358,0.0034867,0.003663479,0.004256364,0.005184327,0.006134398,0.00345709,0.003339365,0.003939961,0.005346796,NA,0.006507648,0.003785694,0.00235292,0.003732572,0.003586706,0.001604247,NA,0.002006243,0.00200304,0.002291811,0.00205774,0.001929779,0.003244887,0.00595833,0.004167707,0.003239634,0.001110803,0.004805612,0.007198498,0.003305035,0.004748595,0.002987806,0.012884385,0.002855304,0.002733267,0.008954641,0.003843144,0.007080416,0.004409113,0.003060703,0.004219912,0.005035289,0.00342711,0.004414236,0.003985424
Malate,0.011883507,0.012335682,0.016040567,0.009674803,0.01212311,0.036979742,0.01183865,0.013856411,0.011260612,0.014799676,0.009593628,0.018827189,0.018029816,0.016722905,0.010154433,0.026925837,0.018920543,0.016094128,0.02375931,0.026931722,0.028435354,0.028241475,0.018491823,0.019919951,0.019213328,0.024019578,0.021028922,0.024480109,0.021318502,0.025387701,0.012246695,0.012692704,0.019879705,0.014127801,0.016079872,0.019509824,0.029605383,0.014510011,0.012216025,0.007575552,0.01728164,0.01863249,0.017147307,NA,0.004649175,0.016224523,0.031603145,0.01464982,0.015271037,0.02176736,0.025954577,0.024119243,0.024158557,0.022448435,0.023787882,0.012531276,0.020889674,0.017581581,0.011557653,0.014539998,0.005166148,0.015074686,0.016423369,0.019269156,0.023162414,0.015754141,0.016263449,0.002677875,0.005617365,0.007244967,0.018817982,0.013274497,0.017111593,0.014842121,0.019043554,0.028609929,0.02588548,0.011310492,0.021110893,0.036861174,0.031298902,0.031830469,0.034131193,0.010451682,0.026499509,0.008887729,0.024207003,0.025008078,0.023010379,0.013884601,0.010213747,0.016686788,0.009830339,0.008757283,0.016363997,0.00943173,0.006985467,0.010453724,0.007497462,0.009746717,0.023185715,0.013477901,0.014054569,0.017884169,0.014176275,0.018629304,0.022623945,0.018335372,0.026489855,0.028893157,0.022673481,0.021172597,0.028023986,0.024796929,0.028606141,0.024025867,0.013036943,0.031800987,0.02073818,0.027358138,0.023121858,0.019992086,0.024443993,0.017911487,0.013073569,0.015875219,0.013245955,0.018638982,0.023750552,0.025725259,0.027570703,0.021364264,0.033858722,0.017328132,0.020363047,0.02612955,0.025449396,0.022335933,0.023013139,0.045745081,0.029150606,0.024740324,0.0280692,0.031628895,0.027768167,0.040543399,0.029534225,0.024416107,0.035295711,0.023288468,0.027322117,0.004319309,0.033499144,0.023208563,0.021687639,0.012854101,0.011863922,0.008494199,0.034998381,0.040073781,0.029041037,0.056967722,0.031681716,0.040590627,0.029931753,0.04245665,0.027774513,0.03753633,0.026286668,0.018912536,0.051655086,0.039993571,0.04066802,0.020625069,0.023297759,0.044334277,0.03063882,0.033741241,0.011677844,0.029521807
4-aminobutyrate,NA,0.004196179,0.005962647,NA,0.004048357,0.003495216,NA,NA,0.00370189,0.002759108,NA,NA,0.004696473,0.00494384,0.004635506,0.006173939,0.004355296,NA,0.002577129,0.006973669,0.007415185,NA,NA,0.004508381,NA,NA,NA,0.004089678,NA,0.004432811,NA,0.002087993,NA,NA,NA,0.001190119,0.002841794,NA,NA,NA,NA,NA,NA,0.002471621,NA,0.001958678,0.004561193,NA,NA,0.003668836,0.004672801,NA,NA,0.00454416,NA,NA,0.003044618,NA,0.001727555,0.002512457,NA,NA,NA,NA,0.002953321,NA,NA,NA,NA,NA,NA,NA,NA,NA,0.004209683,NA,NA,0.003248564,NA,NA,NA,NA,0.005864851,NA,NA,NA,0.00380409,0.004913737,0.005146487,0.004691079,NA,0.003273424,NA,NA,NA,NA,NA,NA,0.002060659,NA,0.003886283,NA,NA,0.00308722,NA,0.002433266,0.003114621,0.002624174,0.003604964,0.004467515,NA,0.003728495,0.004466471,0.003802341,0.003818345,NA,NA,0.005410688,0.003627415,NA,0.002557097,NA,NA,NA,NA,0.004490438,NA,NA,NA,NA,NA,NA,NA,NA,NA,NA,0.002668051,0.002259448,0.002800241,0.002921431,0.002387083,NA,0.002766555,NA,0.001614349,NA,NA,NA,NA,NA,0.003420192,NA,NA,NA,NA,NA,0.005159872,NA,0.002903329,NA,0.00593539,NA,0.006792867,0.003649523,NA,NA,NA,NA,0.002809779,0.002642651,NA,NA,NA,NA,0.003150096,0.002116165,0.002504247,0.002514092,NA,0.001503386
Aspartate (1),0.099850603,0.077174632,0.098170459,0.125810346,0.052679427,0.095074733,0.165769146,0.174653752,0.11068569,0.097415516,0.142183843,0.096764465,0.121970103,0.109688749,0.076077681,0.062058415,0.053690949,0.039274024,0.047883349,0.078758552,0.075399508,0.054228278,0.066331618,0.050898302,0.053142856,0.057691274,0.044926273,0.059186932,0.046003186,0.069145696,0.037283284,0.035179942,0.040777801,0.041412652,0.033313751,0.117681341,0.078211459,0.042968014,0.046212323,0.018696243,0.040746897,0.02415748,0.036618851,0.034925705,0.045902169,0.028780361,0.061126645,0.036392057,0.023677129,0.039414132,0.062697961,0.039396919,0.039715794,0.037888845,0.039902298,0.025631571,0.058978941,0.031695319,0.028174469,0.043695696,0.022872341,0.037109259,0.039458195,0.035449947,0.057557383,0.158183131,0.053497909,0.010232047,0.026846385,0.025092749,0.044139784,0.043967606,0.051878396,0.033043692,0.050829233,0.041120369,0.041918697,0.036341079,0.060366079,0.04150616,0.04662341,0.055809402,0.058314047,0.029400822,0.05204959,0.023488785,0.043404287,0.042004669,0.053877072,0.052900377,0.156145405,0.131419447,0.151066781,0.087642086,0.146385538,0.024998969,0.022551185,0.034998565,0.149461133,0.122640458,0.19879437,0.098807733,0.14802283,0.155674892,0.168183325,0.096881725,0.138778522,0.093347737,0.112258867,0.119056876,0.095232363,0.079056615,0.136895758,0.107887517,0.115540826,0.103279479,0.07549516,0.15385255,0.095657605,0.162574073,0.08325732,0.051755846,0.066768264,0.031209956,0.03693735,0.120744741,0.04205127,0.047237143,0.046451824,0.085520513,0.050976083,0.035872244,0.089238653,0.031135621,0.042408411,0.045065412,0.051664666,0.039972314,0.053447779,0.075861683,0.054162759,0.050001936,0.059088681,0.065755923,0.049884597,0.066242521,0.045809374,0.032762633,0.053777475,0.051052791,0.053973954,0.015671602,0.05323352,0.053333553,0.054090758,0.024646836,0.105006169,0.019876157,0.070423645,0.088505884,0.100189308,0.047996357,0.077904995,0.081953516,0.070008145,0.08118852,0.054980625,0.06925724,0.047172406,0.054820279,0.097555888,0.079843657,0.09726873,0.067287207,0.115838533,0.075422686,0.071847342,0.093306234,0.017570807,0.066902571
Aspartate (2),0.017031689,NA,0.006291956,NA,NA,0.05661236,0.007652319,0.014979463,NA,NA,0.005143678,NA,0.005803758,NA,NA,NA,NA,NA,NA,0.01068483,NA,NA,NA,NA,NA,NA,NA,NA,NA,NA,NA,NA,NA,0.001318795,NA,NA,0.007581598,0.006774241,NA,NA,NA,NA,NA,NA,NA,NA,0.015933635,NA,NA,NA,NA,NA,0.008262857,NA,NA,NA,NA,NA,NA,NA,NA,NA,NA,NA,0.010548189,0.023383946,NA,NA,NA,NA,0.034422682,0.035565419,0.027005747,NA,0.00317897,NA,0.010101407,0.005612079,0.024393454,NA,0.009224183,0.008646783,0.041837031,NA,0.026026132,NA,0.011028318,0.009386675,0.008868298,0.018362861,0.008674897,0.167288991,0.015660289,NA,NA,NA,NA,NA,NA,NA,0.083297692,NA,0.017113896,0.022539284,0.010381649,NA,NA,NA,NA,NA,0.002595216,NA,NA,NA,0.021644272,0.003879961,NA,0.005606822,0.004188327,NA,0.006554102,NA,NA,NA,NA,0.023043098,NA,NA,0.002154144,NA,NA,NA,0.002277207,NA,NA,NA,0.00579338,0.007774549,0.00571384,0.033585175,0.0111554,0.007060617,0.009485967,0.038109151,0.014572054,0.039082822,0.013077406,NA,NA,NA,0.003067161,NA,NA,0.007157665,NA,0.004009872,NA,NA,0.027700073,NA,0.01584555,0.09407597,0.021753839,0.041074479,0.002459382,0.018769151,NA,0.30365197,NA,NA,0.079996917,0.003198092,0.06168914,0.028880281,0.042837635,0.023963606,0.020096043,0.027057918,NA,0.02852706
4-hydroxyproline,0.119173377,0.108268518,0.100756842,0.107224341,0.085760895,0.184645801,0.087094158,0.147019605,0.106195472,0.094829358,0.125592096,0.077212997,0.11091795,0.079372166,0.079625487,0.087529497,0.096382334,0.072252825,0.081904316,0.108713713,0.135454687,0.077028281,0.085452428,0.078013643,0.092622871,0.094196866,0.071119662,0.098055664,0.089722704,0.095586423,0.018657323,0.031016876,0.060004358,0.067944352,0.028670845,0.038856249,0.05807289,0.048137603,0.029963713,NA,0.042664188,0.036164817,0.030927611,0.024769994,0.012679709,0.044700533,0.083308918,0.041517957,0.029453508,0.04615086,0.08194163,0.045330717,0.066483485,0.054122237,0.052741664,0.043186904,0.066548667,0.023622109,NA,0.046543192,0.039425859,0.061275985,0.073058086,0.038663858,0.083505594,0.116581817,0.059263263,NA,NA,0.037351614,0.115137248,0.06921655,0.104485596,0.049061895,0.103467233,0.060592885,0.069023978,0.067931877,0.107635865,0.067530335,0.075616514,0.098943005,0.091493337,0.056983078,0.100350226,0.037480383,0.085425398,0.06997572,0.099356835,0.103360569,0.097757654,0.135580607,0.074627922,0.016383029,0.099100361,0.014509356,0.009214952,0.017496612,0.085961205,0.06543045,0.183041643,0.094791872,0.087496722,0.102709966,0.085892107,0.063331311,0.104021926,0.070315897,0.093864827,0.101608423,0.098719463,0.070557538,0.088978573,0.077517182,0.110679884,0.098976501,0.053631531,0.102355804,0.064566384,0.127575437,0.075304196,0.042009537,0.068771712,0.034896969,0.029344619,0.135952973,0.034002767,0.040622405,0.068437261,0.075765888,0.060260738,NA,0.096834367,NA,0.064452152,0.0642922,0.069565108,0.077204249,0.061329552,0.094400504,0.067021388,0.066971935,0.080204906,0.091875377,0.087374926,0.099206954,0.078221109,0.030722613,0.060294705,0.02294014,0.063338031,0.022355234,0.077947389,0.088619616,0.060820768,0.058118059,0.103569715,0.048894781,0.128071208,0.123030535,0.177675118,0.131584825,0.117621448,0.130526676,0.076485466,0.080402411,0.060994167,0.13625079,0.049258931,0.046154139,0.117045628,0.065572089,0.10349298,0.089927315,0.102063833,0.089667003,0.083872189,0.09964838,0.07892949,0.090066835
xylitol/Ribitol,NA,NA,NA,NA,NA,0.049145766,NA,NA,NA,NA,NA,NA,0.000406669,NA,NA,NA,NA,NA,NA,NA,NA,NA,NA,NA,NA,NA,NA,NA,NA,NA,0.000409579,NA,NA,0.001180594,NA,NA,NA,0.002703063,NA,NA,NA,NA,NA,NA,NA,NA,0.014262132,NA,NA,NA,0.001944314,NA,0.007236266,NA,0.002576486,NA,NA,NA,NA,NA,NA,0.007683231,NA,NA,NA,NA,NA,NA,NA,NA,0.065862265,0.045372874,0.036637277,NA,NA,0.004265217,0.016371308,NA,0.023684019,NA,0.011695192,0.01028548,0.051770644,NA,0.037007629,NA,0.015355049,0.007769782,NA,0.025485431,NA,0.058075644,NA,NA,NA,NA,NA,NA,NA,NA,0.015351138,NA,NA,NA,NA,NA,NA,NA,NA,NA,8.78E-05,NA,NA,0.000219463,NA,NA,NA,NA,NA,NA,NA,NA,NA,NA,NA,NA,NA,NA,NA,NA,NA,NA,NA,NA,NA,NA,0.004358739,0.008129747,NA,0.02829318,0.007106906,0.005044253,0.004883554,0.037618829,0.02301535,0.058466965,0.010503889,NA,NA,0.001640999,NA,NA,NA,0.001485557,NA,NA,NA,NA,0.02852205,NA,0.004243707,0.077427401,0.018389205,0.030461817,NA,0.007848369,0.002993161,0.226569917,NA,0.000971274,0.052945716,NA,0.042965699,0.024709002,0.008785313,0.014493704,0.010808522,0.009164889,0.005285728,0.019588656
Cysteine,0.001765095,0.003690361,0.001679659,0.002497963,0.0027574,0.019652566,0.004043579,0.00327421,NA,NA,0.004594171,0.003950227,NA,NA,0.003804372,0.002933575,0.0030136,0.003132426,0.003195582,0.002287872,0.003171212,0.002590251,0.002009455,0.002826918,0.001901644,0.00301394,0.00373251,0.002629083,0.001319727,0.003476096,0.002035575,0.003129642,0.002482112,0.017694762,0.00303042,0.003312791,0.011030003,0.005192205,NA,NA,0.004482679,0.003184072,NA,0.002654895,0.001482464,0.003971157,0.01099206,0.003679956,0.004822204,0.004157998,0.006672052,0.008443028,0.006562488,0.005600315,0.006401385,0.013231789,0.0081788,NA,0.006062175,0.005584639,0.00495967,0.014490199,0.012911077,0.029478883,0.022205552,0.005843792,0.003099167,NA,NA,NA,0.018284367,0.015565188,0.019779409,0.012232288,NA,0.034282091,0.039742391,0.00948623,0.020484391,0.040567888,0.043446548,0.041913543,0.040052085,0.011048856,0.032828219,0.005533948,0.026137554,0.030565085,0.02351162,0.014617649,0.001835669,0.006679419,0.001873262,0.001402534,NA,NA,NA,0.002380793,NA,NA,0.007370421,0.002795041,0.001952925,0.003173149,0.002375559,NA,0.003544277,NA,0.003252113,NA,0.001963861,0.003415096,0.001974665,0.002172448,0.003413937,0.00483767,0.003822096,0.001849385,0.001527135,0.001882077,0.003584691,0.006961396,0.006606183,0.005703013,NA,0.003198,0.003725934,0.00501154,0.004392552,0.004419956,0.003547835,0.002285767,0.003002381,NA,0.00429966,0.009763985,0.005168624,0.004727269,0.004319425,0.008778396,0.00538247,0.009612185,0.004776183,0.008696766,0.005807104,0.016270393,0.007121594,0.003672961,0.005665858,0.004250101,0.009176482,0.00154102,0.009732944,0.007306248,0.006098565,0.00519716,0.001035926,0.005134226,0.016415124,0.01494825,0.009617512,NA,0.010343469,0.019436033,0.008628354,0.014487841,0.009866718,0.045434288,0.008939027,0.007104981,0.030574091,0.013741566,0.026312965,0.01029323,0.006660298,0.018473619,0.012257343,0.014746777,0.006862812,0.012081616
2-hydroxyglutarate,0.00285755,0.003455262,0.002703278,NA,0.002387528,0.063040669,0.004431727,0.003834242,0.001547554,0.003411621,0.001474117,NA,0.00345694,0.00371965,0.00179269,0.003873554,0.002258875,0.000597787,0.003726966,0.003749592,0.006114405,0.003847945,0.002448835,0.003101224,0.001691063,0.003450233,0.00306016,0.002821173,0.001815059,0.003962662,0.002777818,0.004782646,0.00740469,0.013158529,0.004901305,NA,0.013275453,0.008654676,0.007272834,NA,0.00630528,0.00727583,0.007062572,0.004069654,NA,0.008265315,0.019686249,0.010092903,0.004662079,0.010303203,0.016089895,0.010099111,0.012755106,0.007219216,0.010152904,0.00742992,0.012627745,0.003504812,0.009163789,0.008409548,0.00856304,0.016507563,0.015260983,0.005827866,0.019012534,0.012090266,0.010161658,NA,0.014185646,0.012439487,0.041914285,0.032525669,0.031294699,0.010810658,0.044043749,0.01851917,0.022589058,0.017327038,0.031273517,0.014348236,0.024599671,0.032175723,0.015884413,0.010696122,0.030436631,0.008236374,0.02396623,0.017913024,0.014153365,0.03754592,0.002006765,0.017881145,0.003562174,0.00067581,0.003472718,0.001873637,0.00115843,NA,0.001848944,0.002739749,0.036143174,0.005695618,0.007388189,0.008224617,0.004706187,0.002190476,0.005179742,NA,0.005237006,0.005215866,0.005120742,0.003171923,0.003531632,0.001645799,0.005580585,0.00305108,NA,0.003213682,0.001759821,0.00658391,0.011007249,0.005696944,0.00806387,0.00436235,0.004688315,0.006262821,0.002889724,0.008282933,0.010300912,0.012101687,NA,0.004749037,NA,0.006380633,0.013457812,0.013189116,0.012547328,0.016623211,0.011312493,0.023473402,0.012929481,0.015222842,0.017947546,0.026920769,0.018697643,0.029637903,0.016913352,0.00445955,0.013637356,0.012224,0.01394815,0.005996165,0.017686748,0.013423603,0.00981635,0.011842775,0.002125332,0.009476605,0.036748806,0.027326925,0.032759721,0.056596828,0.0363913,0.049050793,0.015645467,0.021949005,0.014635205,0.066089243,0.01080209,0.010327722,0.021028422,NA,0.024972371,0.026541525,0.013464431,0.025797929,0.022769795,0.02319489,0.026722794,0.022314862
Methionine,0.004883872,0.006951635,0.00566189,0.00980942,0.001884676,0.014971646,0.000275379,0.007498494,0.004471142,0.001220973,0.006025073,NA,0.005923033,NA,0.00048627,0.009113634,0.00571357,NA,0.00886355,0.011743857,0.014929475,0.009317672,0.003027761,0.004752743,0.005384859,0.006489037,0.003845556,0.004711508,0.002756654,0.004487996,0.001913738,0.002829699,0.006297827,0.02304064,NA,NA,0.014672613,0.010255027,NA,NA,0.009372333,0.006827229,0.003359707,0.002995985,NA,0.01776043,0.030143204,0.015065855,0.011120219,0.018871652,0.020880815,0.008563335,0.014293788,0.014340212,0.018016333,0.007349891,0.01192599,0.005475461,0.004741753,NA,0.013109675,0.009152153,0.025043598,0.008970627,0.00989756,0.002191232,0.007285441,NA,0.016168643,0.010882385,0.030099996,0.027765641,0.046967923,0.007180676,0.012701357,0.018217242,0.022974506,0.036368027,0.048047948,0.0283184,0.035846324,0.027616424,0.046073154,0.025873047,0.042348596,0.005701879,0.025452856,0.030605569,0.037705308,0.039695623,NA,0.005362089,NA,NA,0.002969985,0.000690509,NA,NA,NA,NA,0.005971864,NA,0.00153986,0.002156067,NA,0.001232405,0.00167521,NA,NA,0.003341146,0.003755342,0.003108501,NA,0.001117948,0.004418783,0.002175991,NA,NA,NA,0.001828652,0.011227613,0.002400476,0.005934121,NA,NA,0.003430209,0.005876145,0.015805611,NA,0.006668963,0.009264597,0.00572648,0.005287457,0.003258087,NA,0.008134332,0.007528724,0.008853963,0.007677523,0.020733773,0.015235054,0.011320085,0.012107964,0.020195286,0.010629318,0.011832921,0.012119757,0.004006159,NA,NA,0.02154483,NA,0.029063659,0.047746477,0.013368591,NA,0.002675755,0.003581848,0.02745192,0.034253158,0.083293534,0.033253442,0.043108434,0.011753965,0.007274934,0.021208637,0.016064132,0.189392346,0.01133078,0.025359196,0.049271188,0.022751379,0.039729413,0.054109507,0.01481177,0.026654313,0.027795523,0.050231386,0.014204579,0.031768438
Creatinine,0.102327664,0.079797996,0.07131692,0.095159004,0.043775191,0.246334462,0.072638614,0.10549223,0.049162019,0.032118492,0.068367091,0.025563589,0.091017748,0.020279549,0.015370965,0.137162042,0.107073919,0.06000903,0.113269164,0.190081244,0.16742284,0.10404942,0.065987998,0.082412217,0.086990339,0.117273235,0.056835121,0.115552318,0.055650095,0.083425687,0.009555872,0.013568771,0.053323299,0.061090856,0.020376492,0.03363291,0.082853944,0.045992123,0.018302985,NA,0.029641692,0.018617539,0.01403887,0.008483347,NA,0.035622434,0.134199435,0.027726957,0.018545211,0.036563175,0.06612551,0.020363,0.071889355,0.059566649,0.074794815,0.055337296,0.060790772,0.011244174,0.010790856,0.027719803,0.037065655,0.058735786,0.076308673,0.025629782,0.070188289,0.122399446,0.05393237,0.005408582,0.044897097,0.044834387,0.313779074,0.206140098,0.28113115,0.031060251,0.060947412,0.059626867,0.077279286,0.07971079,0.169943872,0.068578206,0.082070035,0.087833941,0.250258243,0.060973818,0.180885194,0.028030295,0.10895189,0.109173968,0.121107224,0.165225272,0.108726158,0.345904143,0.085006603,NA,0.159688747,NA,NA,0.009483623,0.071877096,0.059570024,0.321619016,0.005745356,0.051818743,0.073270449,0.065805877,NA,0.106472849,0.060004118,0.126459062,0.122151095,0.094320974,0.06657797,0.087376918,0.087133367,0.183102168,0.1302704,0.029412104,0.123277197,0.042338201,0.162650556,0.131454869,0.039438918,0.089361035,0.012107715,0.017608613,0.10783453,0.019953227,0.047628567,0.07933456,0.10652078,0.086666962,0.03584336,0.09745356,0.01671223,0.028320125,0.092730131,0.105216772,0.086693403,0.090963811,0.305858159,0.159670539,0.0915731,0.100899998,0.255020258,0.169217114,0.293784034,0.142344376,0.038227823,0.109213555,0.065725436,0.054822006,NA,0.08963963,0.151941868,0.062080762,0.065606823,0.050127566,0.021353711,0.222421888,0.186407799,0.290810436,0.478094958,0.237728551,0.190188254,0.044298452,0.145226166,0.092390474,0.557973022,0.061634689,0.074610521,0.299191554,0.076734151,0.267713311,0.189518194,0.253074698,0.202420515,0.158971321,0.228582294,0.04433168,0.165444665
Glutamine,0.290661136,0.27087812,0.2374459,0.290960596,0.165818824,0.164056223,0.218130574,0.388474331,0.266482506,0.265187882,0.316542916,0.164884073,0.328454829,0.228454849,0.143769883,0.441269028,0.320076595,0.236465557,0.377929303,0.389697139,0.45654993,0.356631558,0.281078923,0.308684133,0.298616217,0.339700195,0.276464344,0.349560226,0.248248924,0.286399006,0.126778459,0.140649603,0.152586057,0.137422023,0.112912719,0.167504898,0.192465493,0.165016051,0.144627614,0.082604504,0.195835678,0.155721613,0.162565574,0.152605623,0.090317108,0.131062881,0.212544158,0.140332005,0.132094444,0.182444503,0.211336271,0.199957166,0.155385592,0.19039448,0.173315967,0.192246687,0.197045127,0.139238329,0.108521623,0.144069112,0.174957382,0.174358304,0.181980995,0.167871202,NA,0.186202147,0.13308564,0.080258939,0.186307719,0.169391035,0.243051916,0.174338206,NA,0.24447818,0.166413902,0.158142928,0.162543456,0.178903949,0.204802566,0.296435214,0.188444349,0.204598556,NA,0.177268094,0.192505758,0.161190817,0.215259282,0.229816075,0.214700605,0.18527223,0.315998286,0.276223205,0.267189684,0.185153274,0.341727869,0.091767794,0.076138539,0.10633557,0.328826161,0.311921012,0.381521697,0.320296942,0.195222174,0.226788791,0.246314382,0.238471406,0.351241028,0.238097605,0.337127808,0.402926812,0.305671819,0.2721928,0.334104001,0.284811874,0.335000535,0.31567779,0.171287496,0.359406684,0.232922955,0.409384359,0.237907712,0.1670993,0.231995708,0.125909444,0.13295645,0.226493036,0.130671851,0.159295943,0.231978682,0.269336368,0.264214873,0.203099577,0.291786895,0.146704341,0.104806656,0.191160988,0.199663597,0.1588908,0.20447244,0.279830913,0.220226203,0.17221173,0.193990079,0.195140583,0.185069871,0.217236594,0.193765897,0.172128394,0.244380829,0.168786746,0.27501818,0.077236475,0.273342679,0.180747799,0.172389288,0.157632874,0.240886787,0.114613,0.228943083,0.424638192,0.338178259,0.236881912,0.246451367,0.213184486,0.1783966,0.216468045,0.18360853,0.250494139,0.20908735,0.184622787,0.242572208,0.241243602,0.211514771,0.160082613,0.306813373,0.236093091,0.189917763,0.248119676,0.081885712,0.217967746
Putrescine,0.77495006,0.730342299,0.661939598,0.81450089,0.432619322,0.561538518,0.642426126,1.152650312,0.783335484,0.7663191,0.920553111,0.526083259,1.031781268,0.691852193,0.401077812,1.34879336,1.005394418,0.778221069,1.147728857,1.254615869,1.425738259,1.101709878,0.870863447,0.887455139,0.882292837,0.993381288,0.799888225,1.072001387,0.810600302,0.917791745,0.342147728,0.379995213,0.464796163,0.394114713,0.38540244,0.544856589,0.615981388,0.507088092,0.477900246,0.250444131,0.709934498,0.51751959,0.52289094,0.482368491,0.291272735,0.410830296,0.740628744,0.463493829,0.414099227,0.562118397,0.72888418,0.676674819,0.518106356,0.610740642,0.582949507,0.668027609,0.706102725,0.471803686,0.353385442,0.483754365,0.505408365,0.39743341,0.555416879,0.373406342,0.354850567,0.547731064,0.453941987,0.259987223,0.673238604,0.588270457,0.99630573,0.745480789,1.100198571,0.647745317,0.633262317,0.481205992,0.490788691,0.60519113,0.711628766,0.767677552,0.546659932,0.588622049,NA,0.532697778,0.617157393,0.478580863,0.608051699,0.631093082,0.717258038,0.677101215,1.041484578,0.948939846,0.789653953,0.584359968,1.022776702,0.237513798,0.221662561,0.309963946,1.079663209,1.03936341,1.437412123,1.02006731,0.632904485,0.72963593,0.841929276,0.836681657,1.276303031,0.822143233,1.163585304,1.368272995,1.033809364,0.895795298,1.116806153,0.932262692,1.118342195,1.053432646,0.598347338,1.198559029,0.79580326,1.456147992,0.886005825,0.557922133,0.76465549,0.362786077,0.336726847,0.600232513,0.371743316,0.538754452,0.854466865,1.041296341,1.0242092,0.758588535,1.102742401,0.546840197,0.405253068,0.735038262,0.751468116,0.592045025,0.763114618,1.176881623,0.86781616,0.651814333,0.740133594,0.867985104,0.751109638,0.937641665,0.779864322,0.621345656,0.930898227,0.662038083,0.927370719,0.258029932,0.904679287,0.611411533,0.496892586,0.4120836,0.564404721,0.293447468,0.876528224,1.657156466,1.43382361,NA,1.090096991,0.816024717,0.665828415,0.835757475,0.643322152,1.369773433,0.683913681,0.674570837,0.987475608,0.856268444,0.902031891,0.711768549,1.088810376,0.904014926,0.761632567,1.034053343,0.348351033,0.786535262
Glutamate,NA,NA,NA,NA,NA,NA,NA,NA,NA,NA,NA,NA,NA,NA,NA,NA,NA,NA,NA,NA,NA,NA,NA,NA,NA,NA,NA,NA,NA,NA,NA,NA,NA,0.007162846,NA,NA,NA,NA,NA,NA,NA,NA,NA,NA,NA,NA,NA,NA,NA,NA,NA,NA,NA,NA,NA,NA,NA,NA,NA,NA,NA,0.001116067,0.005106288,0.006401848,NA,NA,NA,NA,NA,NA,NA,NA,0.003111812,NA,0.002032447,0.004457256,0.003478148,0.003893823,0.004689446,0.004218272,0.003842963,0.004218135,0.005379645,NA,0.005587836,NA,0.003109033,NA,0.004146496,NA,NA,NA,NA,NA,NA,NA,NA,NA,NA,NA,NA,NA,NA,NA,NA,NA,NA,NA,NA,NA,NA,NA,NA,NA,NA,NA,NA,NA,NA,NA,NA,NA,NA,NA,NA,NA,NA,NA,NA,NA,NA,NA,NA,NA,NA,NA,NA,NA,NA,NA,NA,NA,NA,NA,NA,NA,NA,NA,NA,NA,NA,NA,NA,NA,0.001570155,NA,NA,NA,0.00476161,NA,0.005050274,0.007150761,NA,NA,NA,NA,0.001989602,0.009151879,NA,NA,0.003835321,NA,0.006817521,0.006827492,NA,0.003858782,0.005337236,0.009512949,NA,0.002271158
Hypotaurine,0.894802792,1.011476173,1.120142298,1.02582807,0.772102455,2.720927706,1.329095673,1.793166745,1.022509787,0.787812266,1.319491171,0.983863679,1.216334783,0.911353597,0.958784925,1.165642788,0.974195646,0.698025609,1.115286559,1.460900308,1.418241823,1.405207806,0.716995266,0.885194359,0.743788239,1.011695567,0.758123828,1.010615037,0.937899237,1.245747488,0.212687308,0.303158727,0.745256587,1.019445871,0.526288596,0.775942378,1.129699506,0.692513171,0.51117685,0.189585159,0.599741623,0.472584073,0.531362002,0.316615228,0.201963343,0.741303262,1.700426454,0.764329792,0.510110589,1.04187655,1.437998326,0.836709153,1.185821183,0.706741638,1.107507951,0.873212736,1.05980828,0.376150389,0.455173955,0.772983059,0.491551188,0.902721945,1.057732446,0.400935615,1.00819385,1.848826184,0.895422541,0.112897469,0.482556765,0.780164132,2.174918095,1.733630745,1.926492293,0.665652567,1.344165255,1.080779172,1.348230791,1.146892243,1.74257924,1.070638381,1.308590762,1.565841962,2.092831309,0.680303296,1.732215393,0.734138001,1.233639606,1.151627856,1.54274684,1.868392772,1.055574357,2.425437923,0.865883291,0.369105712,1.500677202,0.108336472,0.104324275,0.247919128,0.962970393,0.819919375,4.03827208,0.000209003,1.616100893,1.646398062,2.002676149,0.6373256,1.120356694,0.918953903,1.199164649,1.261453045,1.186758865,1.095544949,1.449140167,0.962514906,1.29099713,1.352147442,0.647125176,1.205468894,0.775235295,1.505691441,1.343587567,0.658826762,1.099913791,0.338229527,0.406769437,1.258133287,NA,0.779141049,1.111207034,1.291811242,0.928268642,0.755004692,1.419096321,0.698230417,1.226411426,1.262390901,1.438837676,1.519534451,1.246430407,1.994234424,1.578698512,1.47130325,0.57321866,1.806006482,1.606872219,1.963264206,1.475605122,0.751540131,1.477852873,1.126491527,0.640938037,0.082601405,0.762936562,1.263167032,0.728957834,0.779554263,1.037554132,0.391819286,2.041553429,1.644475472,2.421491725,4.55606446,1.971464584,2.037327928,1.319715127,1.510913032,1.147136278,NA,1.09370388,1.127048893,2.064546363,1.443671508,2.465359648,1.789326483,1.633285794,1.625717143,1.566190854,1.706888559,1.139866253,1.448043999
Pyroglutamate,0.00615301,0.009518533,NA,0.002955071,0.009871372,0.081560173,0.006521512,NA,NA,NA,NA,0.004517146,0.002325437,NA,0.00672468,NA,NA,0.000656664,0.001029051,NA,0.002481857,NA,NA,0.002447482,NA,0.002398665,NA,NA,NA,0.002731859,0.006385051,0.009325524,0.016551693,0.010046408,0.01146811,NA,0.020390729,NA,0.014286048,0.002008169,0.010265445,0.006738366,0.008937919,0.007617314,NA,0.009135606,0.038612301,0.009235506,0.009232005,0.012663508,0.018586845,0.024614144,0.015201435,0.006056844,0.014047168,0.002847247,0.015601555,0.002767641,0.009138927,0.008856117,0.01736843,0.016578875,0.02339924,0.00660522,0.025372766,0.015934642,0.01433737,0.007354277,0.017373041,0.01011126,0.032885576,0.074754889,0.022745952,0.01038246,0.07062544,0.028945403,0.019704959,0.019221946,0.043746556,0.01855995,0.039640532,0.02865816,0.019328562,0.006298223,0.030186684,0.010607068,0.018206906,0.015631127,0.019382168,0.053448286,0.004102861,0.047581289,0.007102732,NA,NA,0.002916092,0.003074056,0.009375142,NA,0.002559771,0.058096867,0.012758665,0.009629009,0.023362719,NA,0.00208079,NA,0.001976677,NA,NA,0.002935334,NA,NA,0.001458879,NA,NA,0.000503733,NA,0.00205723,NA,NA,0.006904803,0.015253111,0.010115671,0.004620653,0.010147477,0.015501497,0.012955907,0.021797763,0.020287099,0.021482279,0.007129478,0.014746781,0.011768323,NA,0.016979993,0.009990384,0.025049128,0.015327208,0.023277451,0.012834367,0.02096411,NA,0.03366172,0.017221438,0.037128199,0.022442725,0.006214068,0.022985616,0.019561439,0.010248706,0.01494685,0.014461498,0.014364775,0.015558915,0.01852623,NA,0.023466447,0.049299035,0.008738272,0.023921277,0.245790378,NA,0.107624578,0.008950944,0.023334106,0.026192069,0.191230374,0.009843117,0.020089661,0.100551353,0.038374114,0.039993903,0.017593467,0.014974073,0.040711954,0.039572109,0.016109734,0.048518063,0.040792621
Fructose (1),0.003080345,0.002134476,0.002258417,0.001697529,0.003628553,0.005925282,0.003590907,0.002836164,0.00315818,0.003487775,0.004244515,0.002526488,NA,0.002121035,0.003356872,0.00872493,0.006265083,0.003562158,0.008109261,0.008290832,0.009826819,0.007294283,0.005708344,0.006124031,0.007367046,0.00725711,0.005926544,0.006885926,0.00667641,0.007451544,0.002556036,0.002786602,0.002706784,0.00194941,0.00175405,NA,0.004489389,0.004699669,0.004436171,0.001008585,0.005587548,0.006056191,0.003543055,0.004845329,0.001741139,0.003544252,0.006627768,0.003680195,0.002696218,0.003044677,0.004650995,0.003416457,0.004698008,0.001782352,0.004365955,0.004596335,0.004676217,0.002072116,0.002596651,0.002345719,0.001120484,0.003402229,0.003189964,0.003348942,0.004513896,0.003061346,0.003287749,NA,0.00223539,0.004200948,0.004335333,0.003270204,0.002598463,0.002413976,0.002602496,0.004823369,0.006806678,0.001876631,0.003193463,0.004769395,0.005003815,0.004681619,0.006509024,0.002005426,0.003861884,0.00165212,0.004332239,0.004016104,0.003922155,0.002745861,0.001921095,0.010383104,0.003401369,0.001092158,0.002817958,0.002900454,0.002335045,0.001747249,NA,0.001605612,0.007679657,0.004395137,0.004094921,0.006725244,0.003047607,0.003598642,0.005674988,0.004214048,0.006629384,0.00721522,0.004747732,0.003741574,0.005251139,0.004909617,0.007213293,0.006855223,0.003093864,0.006630742,0.004578886,0.007423943,0.002455405,0.001741644,0.001495399,0.002356552,0.00430722,0.007564379,0.003080839,0.002207778,0.002763475,0.002015644,0.004394821,0.003777259,0.003330713,0.002589925,NA,0.004172817,0.003081685,0.003622676,0.003396603,0.005524849,0.004289192,0.003424238,0.003834724,0.004994694,0.00509085,0.007493656,0.003786557,0.00315816,0.003546632,0.003008787,0.002645035,NA,0.002798753,0.002497172,0.002774414,0.001511385,0.000216206,0.002797045,0.003625343,0.005618533,0.004789953,0.006241526,0.007127969,0.007079569,0.004103421,0.005213347,0.00337513,0.005975905,0.003969638,0.002607688,0.006489571,0.003689195,NA,NA,0.005590472,0.005145914,0.004307639,0.003808082,0.002521516,0.003673118
2-oxoglutarate,0.027095101,0.021156355,0.024201568,0.026626382,0.022630694,0.015697468,0.036756133,0.035108402,0.0241699,0.034479773,0.028366019,0.026216381,0.02698402,0.025983526,0.026012448,0.029621732,0.019576461,0.017264081,0.024393269,0.025292175,0.029648064,0.023325918,0.023615685,0.022314296,0.021688293,0.024885177,0.020492939,0.025387404,0.022420531,0.028422436,0.007759477,0.005703043,0.013317059,0.006062071,0.013771485,0.033503811,0.008485172,0.006716648,0.003807427,0.004394269,0.00886205,0.006715919,0.006777233,0.005295208,0.003651392,0.008903246,0.01752702,0.008508408,0.010820072,0.009971518,0.015347092,0.01624027,0.017059795,0.008721386,0.018130305,0.008190311,0.016615326,0.009648629,0.006087105,0.006692026,0.001174214,0.00549393,0.15364303,0.006579274,0.009078918,0.048651867,0.020956933,0.004401656,0.001140436,0.005668538,0.002376198,0.001524214,0.004423446,0.003957646,0.004730644,0.009386102,0.010383928,0.003818462,0.006566712,0.014003445,0.010575684,0.32489545,0.012369763,0.004438787,0.011584949,0.001843357,0.010427778,0.009162474,0.008524667,0.338332381,0.030061011,0.06364562,0.029256434,0.014794365,0.039923297,0.006180951,0.004961621,0.006683354,0.031751766,0.027341891,0.083319656,0.044271781,0.034759383,0.043042905,0.041186815,0.025019104,0.037264271,0.023640993,0.033210455,0.040752404,0.034495705,0.032641902,0.039689958,0.034771308,0.042300287,0.041136114,0.022720369,0.041026751,0.027315912,0.051945366,0.025860583,0.015302245,0.029394834,0.009035567,0.006747801,0.039227049,0.008056819,0.010774826,0.025550161,0.03778491,0.022533958,0.02417244,0.033168825,0.019978837,0.014152267,0.026168151,0.029544096,0.017328904,0.025218089,0.042097119,0.034186556,0.025277566,0.023973195,0.03791974,0.02848868,0.050466649,0.029621574,0.020257026,0.040345611,0.02732861,0.005626292,0.003622771,0.043071329,0.00599315,0.013781875,0.003115006,0.016780992,0.006327885,0.012303293,0.005958409,0.007994307,0.037873516,0.008321732,0.022414878,0.016250369,0.015775167,0.013199768,0.018566399,0.012194069,0.007395954,0.021023336,0.013083899,0.018518535,0.008700479,0.026537728,0.024166781,0.025135169,0.012673966,0.00340329,0.014821046
Fructose (2),0.100009975,0.118073035,0.093658422,0.027416474,0.192123704,1.072909859,0.140546168,0.05362169,0.047839328,0.140806399,0.033438303,0.103146317,0.023466105,0.023974671,0.113530218,0.011937208,0.019479868,0.011908465,0.011902917,0.01269302,0.035905478,0.009459333,0.020140238,0.041585633,0.014366823,0.044570182,0.042538521,0.011761807,0.032990447,0.050688546,0.05263345,0.090912328,0.12780407,0.235335767,0.141421603,0.029163885,0.191158229,0.30246732,0.154219889,0.033647927,0.123044979,0.202969072,0.160561805,0.082714881,0.026802418,0.238333144,0.470893797,0.184048971,0.145678331,0.209794766,0.345141851,0.200412059,0.360184113,0.215168713,0.273062013,0.101383238,0.281773147,0.047193561,0.230621075,0.161863524,0.179257748,0.418324028,0.265684934,0.089020596,0.384837154,0.270361815,0.250603752,0.136221128,0.172677701,0.369643335,1.679527703,0.982250102,0.736476518,0.188981166,0.608415523,0.358872413,0.401523,0.282344577,0.636273872,0.204320486,0.41062498,0.507165469,0.558175074,0.158700151,0.500904433,0.342567667,0.448494041,0.244627835,0.402277707,0.686712082,0.039409832,0.6670005,0.099540574,0.012162433,0.066195164,0.01921264,0.029507217,0.068359077,0.038859464,0.024183988,1.176680214,0.243275375,0.24967138,0.252770721,0.108345135,0.02774122,0.030989556,0.04510299,0.059800678,0.020727179,0.037268612,0.051679277,0.019000327,0.033964122,0.077232899,0.059792304,0.020713678,0.020664562,0.033176852,0.033449008,0.118928492,0.088983817,0.120145083,0.08961483,0.140124791,0.236720301,0.153866459,0.096579136,0.237615751,0.201624099,0.118460027,0.098149834,0.173838331,0.108395233,0.45380343,0.371772426,0.305653346,0.439260525,0.233572484,0.495779836,0.267072975,0.30854064,0.375772598,0.529455136,0.506332027,0.750173867,0.395741946,0.136667754,0.297462781,0.284065546,0.040722334,0.084173714,0.081857918,0.162715165,0.106522377,0.216531645,0.013215081,0.315740381,0.822152574,0.089041438,0.177652335,2.940859096,0.565170016,0.980754155,0.133454003,0.311465774,0.282041107,1.069265363,0.2363423,0.21208278,0.739944752,0.303502454,0.763404891,0.393645682,0.2219939,0.400571282,0.460312166,0.24805719,0.580307303,0.446672385
Fructose / Sorbose (1),0.025576164,0.030610647,0.022498592,0.006873572,0.052946044,0.562922069,0.034961792,0.016360002,0.014199126,0.039128262,0.008506735,0.024808511,0.005287375,0.008869381,0.030259944,0.002797289,0.004806264,0.003490209,0.003191509,0.002189466,0.009061457,0.001809846,0.005490696,0.010354855,0.003955928,0.010964416,0.011070179,0.002310055,0.008673815,0.013562965,0.014867439,0.027751408,0.034828692,0.062304104,0.109544374,0.015877484,0.052610666,0.100330466,0.047013889,0.0098272,0.033285886,0.061953881,0.048926349,0.02394964,0.008176146,0.06733791,0.138446867,0.021674019,0.041175809,0.061041034,0.103849883,0.055655538,0.106469384,0.06351597,0.075764717,0.022736154,0.073169065,0.011428539,0.064805223,0.045297667,0.045707233,0.12397645,0.073176391,0.025726955,0.117703745,0.071567034,0.070013565,0.025089813,0.047627256,0.102071193,0.444346858,0.295941825,0.261004025,0.04759662,0.193355629,0.227801762,0.11789667,0.073914568,0.199163417,0.058087843,0.120004285,0.163872662,0.165300598,0.043576949,0.149013503,0.081532252,0.131683328,0.068044969,0.118122888,0.21073584,0.010183894,0.190114597,0.025034557,0.002642661,0.019038703,0.006044527,0.007458723,0.020018248,0.009475907,0.038182206,0.311082099,0.082876448,0.067488214,0.066915775,0.026582181,0.018458223,0.019392306,0.011377307,0.015019265,0.005583034,0.009662673,0.012833775,0.005601703,0.00800574,0.018353702,0.014358216,0.00562831,0.005512461,0.007920334,0.009014295,0.030095848,0.024283865,0.031503775,0.027772505,0.04351423,0.063525013,0.044993212,0.083558767,0.062366554,0.049956397,0.044550167,0.027562112,0.045695552,0.028473474,0.142202112,0.107927154,0.088223005,0.132479624,0.06674315,0.147365528,0.079224392,0.092991578,0.115577615,0.152274752,0.147798729,0.224836736,0.11026241,0.035730699,0.078699548,0.076777975,0.011633114,0.021079302,0.022894757,0.046591685,0.029077832,0.063807833,0.003472929,0.08731453,0.304187742,0.024208937,0.044879827,0.786606661,0.198953268,0.32298956,0.033833809,0.092456052,0.081131356,0.195389213,0.066047618,0.056794453,0.240355739,0.091004126,0.238941978,0.111546183,0.058841244,0.112515034,0.149297116,0.065106392,0.176555574,0.128879788
Fructose /Sorbose (2),0.00536379,NA,0.005124641,0.005057252,0.004924837,NA,NA,0.007453282,0.004790138,0.007277581,0.005213484,0.007879724,0.005144975,0.006164873,0.004871198,0.006547346,0.004905871,0.007575322,0.004859119,0.006506617,0.006771554,0.005787374,0.005722047,0.007193579,0.006744748,0.005461971,0.004120655,0.005901335,0.006586019,0.008175286,0.009788975,0.011207696,0.017396968,0.021648589,0.012594231,NA,0.015180203,0.010759536,0.010985929,0.007987422,0.01532823,0.010702244,0.012860966,0.011060909,0.008381164,0.008802282,NA,0.010033392,0.008337533,0.013330448,0.015162883,0.012389911,0.010445666,0.010710977,0.013409196,0.011062899,0.008958909,0.009596513,0.008211109,0.010430773,0.014238178,NA,0.026494421,0.015978052,NA,0.011479615,0.013354192,0.010597196,0.029183253,0.018560407,0.04152232,0.024812624,0.035296538,0.013834814,0.023941191,0.01361155,0.018768821,0.024354364,NA,0.028520477,0.015293324,0.019701626,0.031638619,0.015267023,0.021401265,NA,NA,0.020408563,0.023856119,0.027315881,0.009607451,0.012425665,0.007709156,0.006549195,0.015253349,0.011168423,0.007407497,0.007617938,0.008977044,0.007334008,0.018348489,0.008691629,NA,0.009096712,0.012264038,0.006694915,0.009858174,0.007544878,0.010168217,0.012018684,0.007093606,0.008039418,0.010069025,0.007912496,0.012499553,0.009842397,0.007068601,0.00900898,0.006287689,0.010869027,0.021908193,0.021505389,0.020662369,0.013075265,0.01127939,0.007171416,NA,0.012241791,0.01682749,0.019182362,0.022381048,0.016835145,0.021723868,0.01309875,0.013270751,NA,0.019290178,0.021041525,0.016580134,NA,0.030994285,0.019937394,0.022466439,0.023187392,0.021649707,0.02694276,0.023821598,0.015896236,0.028220872,0.016688214,0.021525322,0.009424406,0.028352266,0.023466424,0.017636249,0.019415068,0.006165372,0.018492302,0.026857503,0.040121721,0.033103518,0.052326827,0.031179045,0.019512121,0.032340359,0.031087003,0.021478637,0.069663709,0.024729046,0.023487591,0.034299571,0.023583094,0.034429416,0.021659869,0.024594951,0.029926676,0.025041025,0.029803058,NA,0.026679384
Glycerol-3-phosphate,0.095621844,0.141601581,0.158497182,0.021701029,0.191353216,1.127473344,0.27122377,0.047404333,0.036153202,0.16564652,0.02500409,0.088647473,0.018515107,0.019441362,0.126652371,0.005370862,0.007959418,0.00682233,0.00641559,0.004604006,0.023188084,0.00552942,0.006962114,0.024871762,0.007437096,0.023148143,0.021234786,0.005927587,0.01285069,0.024547137,0.020360061,0.011977723,0.044289341,0.074709444,0.169782682,0.040669882,0.195574924,0.046984389,0.004044929,0.004649739,0.073939291,0.059371619,0.03911358,0.002766702,0.001332572,0.114074967,0.069631894,0.03400828,0.079914471,0.033613573,0.147581849,0.130731713,0.176844009,0.039045242,0.140975213,0.009566102,0.200426107,0.016115418,0.020201975,0.003624746,0.00270181,0.289630833,0.060841864,0.031561367,0.304495349,0.806515003,0.343001503,0.007362618,0.004522598,0.023882805,0.021902626,0.006225284,0.014956521,0.021280617,0.161091339,0.286445776,0.171774082,0.105110459,0.123885153,0.039046262,0.05610812,0.05217592,0.146034549,0.00251246,0.166454406,0.007670862,0.110760247,0.028294535,0.047092247,0.019418129,0.047370883,0.99501199,0.210363848,0.014782269,0.189909237,0.003649731,0.003857913,0.004360314,0.056560899,0.049144511,1.095158529,0.753876426,0.762384097,0.750856659,0.198227636,0.022775985,0.02538584,0.058073087,0.062324032,0.02177882,0.034158735,0.086691274,0.018828663,0.033359201,0.082817827,0.058453145,0.012156733,0.018377269,0.032572251,0.02805983,0.034003924,0.036731462,0.168432341,0.037680687,0.028062326,0.240959412,0.018038796,0.127130394,0.459209166,0.512114508,0.197282714,0.109005881,0.219439169,0.120555343,0.702363268,0.336947502,0.078533444,0.171323854,0.093308779,0.063565603,0.154123465,0.05849101,0.190522987,0.503742622,0.076062478,0.566395887,0.279478769,0.157419298,0.248207363,0.293066325,0.031203553,0.14083209,0.054354224,0.094534209,0.138489527,0.039643626,0.015201268,0.028309051,1.431554786,0.035239554,0.20034559,1.754553065,0.651465078,1.43902932,0.097874317,0.256263576,0.259833826,0.180334117,0.159113889,0.173269809,0.362725779,0.103639095,0.765421583,0.378727215,0.156454881,0.412619555,0.473165401,0.298274147,0.263467642,0.358480682
Allose/Mannose/Galactose /Glucose (1),0.028077314,0.052306335,0.02982791,0.011468495,0.045303708,0.33408175,0.050511248,0.028850893,0.024806987,0.06814758,0.01833222,0.035335181,0.015875789,0.010514105,0.055900113,0.005593051,0.006251886,0.003703892,0.005036862,0.002638522,0.008351889,0.00400512,0.003177837,0.012748805,0.00325732,0.009967377,0.006985055,0.002011216,0.004280754,0.010534747,0.009789328,0.004715681,0.023049283,0.030030956,0.056066119,0.019809646,0.063802669,0.009855718,0.001584549,0.003527723,0.032383158,0.019056675,0.01338668,0.002866174,0.007462581,0.025609528,0.129244017,0.005789565,0.027800359,0.008415305,0.036255572,0.053074328,0.036187723,0.005914021,0.037007235,0.002502796,0.065533278,0.006210477,0.005194265,0.000233851,0.000269557,0.006609572,0.021165113,0.010407206,0.064963843,0.22575732,0.090834193,0.004959504,0.003458963,0.003757165,0.018955295,0.002211704,0.004123405,0.010685671,0.06127525,0.11708937,0.050351015,0.031751467,0.030191831,0.016568792,0.12700271,0.084418461,0.027397352,0.000531521,0.045670392,0.001251131,0.03302995,0.010586574,0.012415599,0.005175497,0.02346303,0.412413634,0.064267667,0.005821161,0.062490658,0.001553625,0.00202085,0.002798593,0.035035025,0.03231621,0.104278388,0.181120821,0.142239793,0.269372829,0.085622984,0.011731659,0.020699909,0.013142456,0.021187708,0.01018433,0.01481802,0.034203658,0.009644524,0.011877487,0.026966465,0.021629908,0.004806043,0.008904908,0.017221978,0.021050666,0.073926556,0.011887367,0.087197901,0.015712681,0.007213446,0.053152709,0.006269169,0.055569479,0.223754793,0.222854606,0.126721827,0.081040723,0.102855506,0.07967939,0.126442364,0.111696027,0.053164372,0.05892992,0.071828094,0.070847092,0.035830916,0.090986535,0.012297269,0.162644914,0.076293175,0.189102334,0.09963467,0.037927755,0.101316576,0.119330696,0.018270219,0.090236332,0.032501194,0.038121341,0.05880203,0.010821329,0.007617103,0.007998361,0.396794277,0.017844906,0.10918547,0.537235556,0.130459616,0.835651575,0.036081718,0.075509902,0.145329614,0.273178262,0.045251558,0.08525752,0.233640574,0.199036361,0.20776181,0.113285876,0.050861146,0.195429711,0.250165677,0.101863331,0.098453332,0.151815369
Allose/Mannose/Galactose /Glucose (2),0.024456847,0.024029187,0.019552087,0.014432682,0.035254227,0.006715596,0.020111815,0.025582032,0.024890279,0.026948037,0.013317248,0.025999049,0.018084746,0.016624863,0.017929419,0.065359208,0.068886637,0.056032727,0.057911544,0.095129697,0.071423529,0.067854835,0.059284009,0.060208801,0.06802801,0.061840528,0.062146821,0.068229818,0.0633259,0.082061366,0.028729749,0.030361761,0.034317183,0.016042036,0.026862996,0.000527244,0.034581032,0.036686517,0.030100076,0.018622605,0.039968054,0.031421177,0.038377969,0.032579333,0.017061904,0.029765984,0.064607209,0.033120687,0.029209727,0.028367107,0.052837419,0.042957047,0.039596941,0.031829822,0.039342939,0.023333624,0.048998487,0.027310328,0.02363442,0.025373954,0.009113238,0.02556757,0.016006243,0.02174674,0.030282054,0.043415478,0.03206505,0.004820308,0.009594381,0.012012696,0.043244778,0.031028298,0.027678708,0.014430944,0.026255471,0.000877317,0.035281116,0.000254449,0.028312848,0.031273526,0.034822784,0.039635572,0.038077697,0.011108679,0.03480385,0.017685224,0.028642367,0.027054597,0.025928793,0.030147225,0.023408346,0.080457441,0.016540098,0.017874221,0.023765644,0.024558982,0.018817689,0.024172259,NA,0.011014438,0.107970058,0.001696572,0.028879716,0.036770258,0.022909058,0.038690852,0.056757797,0.036436756,0.065774185,0.0686474,0.071796653,0.056463918,0.069375604,0.054472432,0.066351057,0.0574226,0.049503386,0.062314607,0.050016326,0.062226169,0.037930006,0.026138298,0.03519153,0.024210041,0.037555731,0.038960968,0.034242346,0.021086211,0.046678638,0.042246324,0.0482052,0.040449169,0.043672224,0.03368382,0.036455913,0.046800359,0.042525558,0.050373787,0.042992648,0.000678244,0.054353548,0.044596651,0.057692629,0.066533471,0.059803285,0.08316915,0.048343713,0.028317011,0.054156486,0.037031441,0.023744141,0.00778925,0.023742302,0.024193817,0.025648182,0.02142121,0.009830806,0.014455056,0.042709455,0.044357277,0.035520985,0.075426138,0.045630809,0.061639105,0.037586563,0.048134209,0.037389279,0.080712191,0.034937274,0.023594297,0.070999504,0.045290075,0.062568756,0.025293922,0.039851055,0.04958691,0.042397898,0.033435049,0.036134471,0.03875931
Citrate,NA,NA,NA,NA,NA,0.048993793,NA,NA,NA,NA,NA,NA,NA,NA,NA,NA,NA,NA,NA,NA,NA,NA,NA,NA,0.000335986,NA,NA,NA,NA,NA,NA,NA,0.000855693,0.00291283,NA,0.000384984,0.001475462,NA,NA,NA,NA,NA,NA,NA,NA,NA,0.008574902,NA,NA,NA,0.001381074,NA,0.004544849,0.000799368,0.002670929,NA,NA,NA,NA,NA,0.001340755,0.008873185,0.003680275,NA,0.004747682,0.002155098,0.001099812,NA,0.000844907,0.001349365,0.041177131,0.036448659,0.024160564,NA,0.008391645,0.008084511,0.007942064,0.008648766,0.025611638,0.002196397,0.013200521,0.012345191,0.03004436,0.001942527,0.027003082,0.000566887,0.015919905,0.008027126,0.012991359,0.028948451,NA,0.013827878,NA,NA,NA,NA,NA,NA,NA,NA,0.022413028,NA,0.000195676,NA,0.000882347,0.001509181,NA,NA,NA,0.000456209,NA,NA,NA,NA,NA,NA,NA,NA,NA,NA,0.001489002,NA,NA,NA,NA,NA,NA,NA,0.001265877,0.000685682,NA,0.000925453,0.0009809,NA,NA,0.002408958,0.002664293,0.004589211,NA,0.012415298,0.003982975,0.00430795,0.003632431,0.022975816,0.012190077,0.022071426,0.008223627,NA,0.00133485,0.002553381,0.002017817,NA,NA,0.006764886,NA,0.001266334,NA,NA,0.040898972,0.001958042,0.009662183,0.056224936,0.018893338,0.032013566,NA,0.009612753,0.006347695,0.133916829,0.000846443,0.002129068,0.044220753,0.002176062,0.033821794,0.020483544,0.006781757,0.018175659,0.020790535,0.009854683,0.02053929,0.017220584
Lysine,0.039459911,0.072272648,0.063108826,0.015649776,0.052603488,0.420800456,0.063587921,0.038753938,0.035345025,0.106077196,0.023874028,0.041127795,0.023869174,0.014513118,0.076532142,0.005577733,0.008802172,0.004001574,0.006892605,0.004910431,0.012331161,0.00422288,0.004409032,0.016609959,0.003914736,0.011429716,0.008048267,0.002953246,0.003369334,0.013786028,0.014583921,0.007154719,0.03559692,0.044291967,0.073052065,0.030401349,0.091686708,0.014814107,0.003425195,0.00512897,0.045266878,0.024445067,0.020422274,0.001145536,0.00159555,0.029178669,0.187216076,0.013553247,0.035233399,0.004268372,0.044730938,0.064729369,0.042115857,0.006720811,0.043301618,0.003592135,0.083375074,0.008002972,0.006179696,0.001865371,NA,0.070322258,0.028832019,0.013863207,0.088907983,0.277922278,0.116060913,0.009187647,0.008071961,0.005161797,0.009265014,0.006703024,0.004792551,0.016325195,0.09750742,0.148912669,0.063938739,0.045510626,0.03887847,0.02679793,0.187911875,0.108365559,0.029518552,0.000923775,0.055060239,0.002413364,0.037313378,0.013229035,0.01512019,0.007869987,0.03948069,0.527362312,0.086368045,0.01157757,0.082885403,0.002887414,0.00270142,0.004487074,0.060965528,0.055119512,2.359569056,0.237258683,0.177261167,0.376153833,0.130536524,0.018493185,0.021467692,0.015258238,0.028603603,0.014286603,0.021084407,0.052043186,0.013567242,0.015706154,0.032593779,0.028931063,0.006108244,0.011702794,0.027121731,0.028751483,0.10927552,0.015655576,0.129955837,0.024357031,0.010391534,0.067921323,0.009031446,0.081243883,0.318091153,0.312098356,0.190117044,0.124511676,0.150568987,0.122313608,0.131077665,0.123250802,0.055310107,0.076987841,0.093494331,0.084183649,0.043315692,0.119495938,0.092333667,0.222483874,0.088587817,0.254149122,0.123387408,0.045752588,0.132784554,0.152757871,0.034070808,0.149515751,0.057622879,0.056062602,0.088756268,0.017931039,0.009898319,0.012216947,0.47423172,0.029114794,0.173035581,1.2799585,0.200303073,0.836304292,0.050015748,0.099467362,0.18872267,0.428933442,0.060571786,0.130596563,0.475503263,0.30261652,0.29146157,0.141143433,0.072304344,0.273005549,0.337343425,0.132013145,0.1320451,0.225336776
Allose/Mannose/Galactose /Glucose (3),0.126655086,0.13516389,0.130563598,0.151008011,0.119776194,0.385392317,0.149769437,0.164416112,0.105817983,0.120299603,0.108557192,0.125986302,0.11318921,0.081689237,0.0899171,0.136492317,0.165088612,0.168693569,0.15212854,0.376805918,0.32111119,0.143420262,0.124314644,0.105791293,0.12074392,0.123941017,0.102373836,0.116522904,0.138000397,0.15792827,0.054390582,0.071656755,0.16753603,0.176479759,0.135380198,0.148772694,0.155650028,0.098007553,0.078505961,0.031810579,0.07812525,0.078393407,0.077711312,0.064638379,0.037848311,0.346056594,0.524105853,0.193824711,0.132970608,0.176676995,NA,0.159876536,0.163025158,0.122849525,0.149690507,0.115674301,0.173076607,0.072865908,0.131351749,0.130268238,0.097248614,0.135269095,0.22050246,0.062229484,0.126420616,NA,0.167497731,0.053127259,0.115539302,0.130974398,0.357866657,0.26597954,0.23325518,0.074024071,0.280708906,0.139668607,0.172731263,0.333658118,0.186273867,0.385698544,0.288460852,0.216543846,0.22841002,0.105712906,0.217159622,0.152486456,0.187619793,0.140221875,0.217951693,0.275547439,0.193517253,0.332311207,0.131652876,0.099627084,NA,0.03682745,0.036152244,0.054503138,0.16829536,0.114759311,0.414879879,0.175648554,0.162587311,0.18530673,0.212546364,0.14025873,0.237362995,0.189553616,0.242055306,0.41474257,0.262676219,0.181103681,0.206900676,0.164178349,0.19178244,0.181318835,0.17872986,0.185732188,0.163101583,0.22956143,0.180878314,0.167035919,NA,0.133043155,0.079620394,0.190813142,0.090019516,0.134933204,0.16510282,0.204300102,0.200092382,0.111113821,0.158261603,0.126399946,0.208832367,0.233842234,0.303117559,0.406736973,0.39621635,NA,NA,NA,0.244195245,0.295428285,0.275458229,0.307393679,0.243362506,0.16282195,0.237459258,0.227142001,0.169757858,0.17302747,0.174055287,0.222734782,0.145178819,0.166910115,0.114296734,0.13584683,0.31185517,0.319790992,0.549342226,0.507425556,0.414448849,0.311366633,0.215144706,0.232333689,0.228055857,0.68570343,0.569852794,0.393845126,NA,0.212792783,0.326048919,0.358930426,0.319008667,0.250206428,0.250442164,0.292067879,0.309870767,0.288287619
Scyllo /Myo-inositol,0.001483976,NA,NA,NA,NA,0.009505143,0.001841805,NA,NA,NA,NA,NA,NA,NA,NA,0.00181313,NA,NA,0.003741171,NA,NA,NA,NA,NA,0.001044277,NA,NA,NA,NA,NA,NA,NA,NA,0.002715002,NA,NA,0.002707466,NA,NA,NA,NA,NA,NA,NA,NA,0.001987141,0.018578764,0.00318753,NA,0.004751571,0.001730571,NA,0.007611407,0.002937364,0.006832537,NA,0.001997756,NA,NA,NA,0.005661626,0.012153765,NA,NA,0.011273354,0.006761094,0.005311662,NA,NA,NA,0.038710126,0.02779067,0.022220292,0.003766125,0.009807274,NA,NA,0.006456142,0.032474739,0.002548287,0.014801804,NA,0.033212714,0.002972032,0.026178357,NA,0.017315892,0.012745612,0.017268375,0.023367738,NA,0.019404996,NA,NA,NA,NA,NA,NA,NA,NA,0.026223481,NA,NA,NA,NA,NA,NA,NA,0.006841844,NA,NA,NA,NA,NA,0.004439503,NA,NA,NA,NA,NA,0.001740816,0.000951791,NA,NA,NA,NA,NA,NA,NA,0.002777796,NA,NA,NA,NA,NA,0.018741869,0.014882208,0.015759457,0.002928393,0.021478918,0.009517418,0.008461479,0.002503684,0.023059954,0.014369561,0.022478783,0.012663334,NA,NA,NA,NA,NA,NA,0.01110333,0.001403682,0.001531183,NA,0.002313417,0.030579418,NA,0.021825069,0.062022348,0.021349833,0.022949386,0.003376564,0.014494104,0.010219793,0.227821862,0.002456735,0.002735159,0.039278403,0.00819975,0.033933755,0.019981809,0.009865216,NA,0.019450783,0.014433843,0.017445567,0.020647276
Tyrosine,0.006318665,0.005535178,0.005858811,0.005319224,0.006389333,0.090857127,0.007117105,NA,NA,0.008200582,0.004256901,0.005225125,0.002351381,0.002559696,0.00399058,0.007649584,0.006089805,0.002700239,0.006234574,0.008165486,0.008771359,0.005255314,0.003547819,0.006047156,0.004136959,0.006811864,0.005522578,0.005201056,0.00432639,0.006394007,0.005490493,0.009499423,0.011488739,0.015521913,0.009392376,NA,0.019188168,0.014884559,0.015747683,NA,0.01146607,0.009035875,0.016072078,0.010338074,0.002536835,0.014345713,0.029056592,0.015708169,0.009886354,0.015382324,0.02099565,0.019344168,0.020081278,0.011857435,0.016511386,0.01136626,0.018472814,0.005787155,0.018210091,0.01419657,0.01278634,0.024199401,0.020101944,0.010243728,0.02595885,0.016516492,0.01535814,0.00762492,0.021585773,0.020235879,0.088546993,0.05272359,0.051162972,0.01595364,0.054964165,0.02197818,0.029572035,0.027484542,0.049014442,0.025188121,0.032207813,0.041660568,0.042997097,0.013989676,0.039921496,0.014651654,0.032729436,0.023771149,0.036864862,0.064217914,NA,0.029784153,0.006749864,0.001109658,0.008618042,0.00237699,NA,0.004664075,NA,0.004717927,0.057751753,0.013369233,0.009777855,0.012002344,NA,0.005789236,0.00860886,0.005563825,0.009189984,0.009007374,0.00886861,0.005667752,0.006406025,0.005143376,0.007569934,0.007815544,NA,0.006239937,0.005135632,0.009799643,0.015183995,0.010349941,0.012857799,0.010411853,0.009430361,0.008632267,0.009359811,0.013810053,0.020796914,0.022712539,0.018432126,0.010508976,0.017268571,0.010598385,0.021063845,0.019505358,0.019710177,0.026878542,0.020204879,0.040877058,0.021943254,0.021450173,0.023116493,0.032627579,0.027919843,0.040060349,0.021939533,0.008167128,0.023529221,0.019008887,0.01954432,0.010596994,0.024441057,0.019783921,0.014473202,0.017191686,NA,0.020477059,0.068129994,0.040873794,0.053091769,0.145528513,0.059920685,0.073204902,0.023976772,0.028434294,0.020652058,0.113889409,0.018529285,0.01987161,0.070651089,0.028735233,0.058195921,0.034142588,0.021639789,0.038064457,0.036346685,0.032458789,0.047220629,0.040002293
Tyramine/ Tyrosine,0.011245884,0.008456297,0.008518029,0.013252584,0.012075034,0.020711446,0.014220848,0.012686873,0.010467046,0.046637302,0.009787358,0.011619291,0.01100541,0.012415304,0.00958566,0.013829599,0.010716659,0.011833963,0.014223736,0.012222987,0.013376942,0.011443518,0.009407446,0.010404819,0.009848154,0.0136934,0.011311365,0.011060864,0.011613064,0.011382268,0.013374924,0.014880379,0.012189546,0.009583512,0.015893914,0.012089891,0.013134028,0.011829547,0.012276933,0.008230264,0.009072657,0.007968921,0.011539568,0.010641909,0.008409047,0.011206612,0.012915677,0.011554731,0.009472478,0.011657032,0.011248727,0.07036141,0.014952511,0.00972932,0.010629497,0.009455899,0.019726305,0.013117478,0.007840134,0.008877797,0.013798796,0.015319332,0.01278469,0.014111301,0.017628941,0.013079878,0.014355548,0.016198032,0.014717074,0.015241802,0.01726953,0.010981187,0.014410119,0.009083111,0.019288171,0.014672604,0.01509684,0.015028831,0.017385922,0.015838029,0.013513476,0.012665802,0.013941097,0.011040808,0.015320677,0.011309436,0.011439477,0.009344285,0.02614668,0.015380702,0.009380197,0.018458525,0.011958228,0.010671404,0.012461604,0.011863991,0.014199761,0.011860362,0.0129318,0.008630608,0.01527766,0.012767786,0.009548557,0.009535576,0.011169997,0.013216161,0.014440344,0.011190326,0.013628586,0.013909858,0.012194383,0.011484453,0.012088441,0.010649523,0.011294416,0.012040173,0.010331428,0.010157214,0.010293454,0.019199508,0.014413747,0.012412379,0.012013147,0.016668856,0.015241347,0.01243496,0.01363395,0.01614067,0.018723957,0.012573903,0.016499805,0.01613906,0.009372465,0.00842456,0.01118127,0.014467367,0.015245221,0.012016323,0.009997075,0.014434103,0.010242623,0.010102931,0.011833311,0.014001546,0.01427548,0.011577354,0.009420776,0.012217304,0.012319268,0.011637252,0.01983737,0.015714327,0.016584052,0.015610196,0.021234831,0.018223007,0.014715166,0.018230371,0.018649574,0.019460204,0.018569413,0.020062772,0.017942359,0.017313534,0.007832437,0.017362766,0.011233369,0.018840637,0.015329211,0.01463748,0.018148143,0.013193065,0.02289395,0.013295592,0.012031379,0.011928619,0.012602893,0.011934696,0.012497323,0.016065819
Hexadecanoic acid,0.083771682,0.0943613,0.107844887,0.105025587,0.094132088,0.132261824,0.124940956,0.154912544,0.100483049,0.4697457,0.121301565,0.105952021,0.092875339,0.147625293,0.093376938,0.095528726,0.070347806,0.095945685,0.11968185,0.090382723,0.097313191,0.085876909,0.076390253,0.066050403,0.072204867,0.090904793,0.076235753,0.077552007,0.084420932,0.0825234,0.100491425,0.100288321,0.095922247,0.112283163,0.138389401,0.120964097,0.11069389,0.127563894,0.105152754,0.07887463,0.090730055,0.076595841,0.109309987,0.094401964,0.08647207,0.080130611,0.09678348,0.07975769,0.068890686,0.090532425,0.091358337,0.487853363,0.124960805,0.075842485,0.076443008,0.066627065,0.117824327,0.098844067,0.056357711,0.06942887,0.104945017,0.106306557,0.132760151,0.098500642,0.117595061,0.134341631,0.107000832,0.158275599,0.150967688,0.134881995,0.16177253,0.091990542,0.123269719,0.077102081,0.180388479,0.107965173,0.116381117,0.108248886,0.109733619,0.106032771,0.102832122,0.092027879,0.10260578,0.077654289,0.10730736,0.087972442,0.078320556,0.067429352,0.144810923,0.099763608,0.091524802,0.131963903,0.083822758,0.113878371,0.108392498,0.092334555,0.125486914,0.103131533,0.127874562,0.118016309,0.225182642,0.098574102,0.095021607,0.084687383,0.101451316,0.08789933,0.107915542,0.091594539,0.093745025,0.1066696,0.088060854,0.091181408,0.094033667,0.085578182,0.088356506,0.087563699,0.07830537,0.083097535,0.067731367,0.113254932,0.106793083,0.097034898,0.115874881,0.112831293,0.117509408,0.113713882,0.118346384,0.132294261,0.192391541,0.152037987,0.128701622,0.156403939,0.11214701,0.085221433,0.103958214,0.099357305,0.116345887,0.088429867,0.073969924,0.100245042,0.079529034,0.073527285,0.089286223,0.107162508,0.105652917,0.081386624,0.07343675,0.086692803,0.087988481,0.084773435,0.139566352,0.117202778,0.128125881,0.106997687,0.148821537,0.115910276,0.157355232,0.130717725,0.168022739,0.221448913,0.151416992,0.147664164,0.143660406,0.137829218,0.091842672,0.118691917,0.0893021,0.116216944,0.10894254,0.101830266,0.118390571,0.099081428,0.182812534,0.091299592,0.074233805,0.076361347,0.094648263,0.088668933,0.089120975,0.122627027
Octadecenoic acid,0.106753096,0.116599852,0.101815586,0.132628507,0.113589205,0.137096997,0.118627574,0.101463153,0.082849507,0.108062162,0.124340644,0.107982942,0.105587157,0.236954326,0.092682382,0.110446262,0.095128229,0.098768598,0.121080623,0.090849418,0.117010714,0.122300484,0.07951644,0.063417186,0.067338442,0.119765637,0.092725884,0.122757491,0.105269663,NA,0.119670826,0.137951734,0.117272405,0.101315759,0.117433696,0.103940724,0.119841737,0.108566565,0.110774982,0.107144336,0.107224531,0.083928801,0.110597388,0.09669164,0.095935268,0.098401326,0.105648464,0.113194825,0.120213053,0.124680067,0.094432039,0.104222675,0.161035137,0.075016692,0.059982253,0.070099095,0.06424185,0.137689135,0.154060039,0.242151062,0.145811056,0.1392099,0.162075146,0.105415185,0.12436637,0.162323969,0.109616867,0.146032065,0.002136048,0.099405564,0.102155996,0.096922846,0.114616187,0.133239809,0.117299444,0.126916112,0.135778908,0.112724853,0.12417634,0.126205035,0.111965583,0.127611116,0.123834466,0.143932666,0.076836366,0.084001838,0.089111823,0.115046607,0.103136066,0.121011231,0.138248431,0.116243287,0.1941018,0.089925608,0.111063389,0.102808892,0.148786956,0.106514953,0.091860912,0.114518023,0.10856137,0.102086085,0.099793242,0.09940803,0.085897939,0.096112593,0.132821122,0.123602786,0.124219214,0.120128545,0.115065972,0.131780613,0.0837426,0.092150519,0.131677742,0.105402727,0.076340639,0.116630457,0.100784371,0.100226157,0.140628271,0.111856434,0.089880381,0.100420206,0.118810238,0.093425461,0.091207321,0.126056292,0.107444476,0.095223506,0.097869334,0.101841903,0.125268859,0.090767663,0.094258895,0.127411199,0.113672593,0.093026438,0.074341355,0.106818989,0.104565753,0.107076265,0.09807209,0.153936904,0.076107375,0.14333964,0.063383561,0.090556909,0.042665037,0.103433231,0.209171249,0.153736482,0.132526518,0.127434424,0.149459505,0.140042355,0.141833821,0.130965713,0.156118572,0.119245695,0.094907479,0.102956015,0.130732115,0.128049313,0.099421131,0.165590499,0.108171931,0.127284662,0.122607279,0.110752149,0.13807043,0.137766861,0.122160896,0.092526048,0.095788165,0.099763766,0.0677805,0.104785786,0.125704222,0.12535702
