metabolite_name,HCT116N_21-1,HCT116N_21-2,HCT116N_21-3,HCT116N_21-4,HCT116N_21-5,HCT116N_21-6,HCT116N_21-7,HCT116N_21-8,HCT116N_21-9,HCT116N_21-10,HCT116N_21-11,HCT116N_21-12,HCT116N_21-13,HCT116N_21-14,HCT116N_21-15,HCT116N_21-16,HCT116N_21-17,HCT116N_21-18,HCT116N_21-19,HCT116N_21-20,HCT116N_21-21,HCT116N_21-22,HCT116N_21-23,HCT116N_21-24,HCT116N_21-25,HCT116N_21-26,HCT116N_21-27,HCT116N_21-28,HCT116N_21-29,HCT116N_21-30,HCT116H_1-1,HCT116H_1-2,HCT116H_1-3,HCT116H_1-4,HCT116H_1-5,HCT116H_1-6,HCT116H_1-7,HCT116H_1-8,HCT116H_1-9,HCT116H_1-10,HCT116H_1-11,HCT116H_1-12,HCT116H_1-13,HCT116H_1-14,HCT116H_1-15,HCT116H_1-16,HCT116H_1-17,HCT116H_1-18,HCT116H_1-19,HCT116H_1-20,HCT116H_1-21,HCT116H_1-22,HCT116H_1-23,HCT116H_1-24,HCT116H_1-25,HCT116H_1-26,HCT116H_1-27,HCT116H_1-28,HCT116H_1-29,HCT116H_1-30,HCT116A_0-1,HCT116A_0-2,HCT116A_0-3,HCT116A_0-4,HCT116A_0-5,HCT116A_0-6,HCT116A_0-7,HCT116A_0-8,HCT116A_0-9,HCT116A_0-10,HCT116A_0-11,HCT116A_0-12,HCT116A_0-13,HCT116A_0-14,HCT116A_0-15,HCT116A_0-16,HCT116A_0-17,HCT116A_0-18,HCT116A_0-19,HCT116A_0-20,HCT116A_0-21,HCT116A_0-22,HCT116A_0-23,HCT116A_0-24,HCT116A_0-25,HCT116A_0-26,HCT116A_0-27,HCT116A_0-28,HCT116A_0-29,HCT116A_0-30,HCT116_DN2N_21-1,HCT116_DN2N_21-2,HCT116_DN2N_21-3,HCT116_DN2N_21-4,HCT116_DN2N_21-5,HCT116_DN2N_21-6,HCT116_DN2N_21-7,HCT116_DN2N_21-8,HCT116_DN2N_21-9,HCT116_DN2N_21-10,HCT116_DN2N_21-11,HCT116_DN2N_21-12,HCT116_DN2N_21-13,HCT116_DN2N_21-14,HCT116_DN2N_21-15,HCT116_DN2N_21-16,HCT116_DN2N_21-17,HCT116_DN2N_21-18,HCT116_DN2N_21-19,HCT116_DN2N_21-20,HCT116_DN2N_21-21,HCT116_DN2N_21-22,HCT116_DN2N_21-23,HCT116_DN2N_21-24,HCT116_DN2N_21-25,HCT116_DN2N_21-26,HCT116_DN2N_21-27,HCT116_DN2N_21-28,HCT116_DN2N_21-29,HCT116_DN2N_21-30,HCT116_DN2H_1-1,HCT116_DN2H_1-2,HCT116_DN2H_1-3,HCT116_DN2H_1-4,HCT116_DN2H_1-5,HCT116_DN2H_1-6,HCT116_DN2H_1-7,HCT116_DN2H_1-8,HCT116_DN2H_1-9,HCT116_DN2H_1-10,HCT116_DN2H_1-11,HCT116_DN2H_1-12,HCT116_DN2H_1-13,HCT116_DN2H_1-14,HCT116_DN2H_1-15,HCT116_DN2H_1-16,HCT116_DN2H_1-17,HCT116_DN2H_1-18,HCT116_DN2H_1-19,HCT116_DN2H_1-20,HCT116_DN2H_1-21,HCT116_DN2H_1-22,HCT116_DN2H_1-23,HCT116_DN2H_1-24,HCT116_DN2H_1-25,HCT116_DN2H_1-26,HCT116_DN2H_1-27,HCT116_DN2H_1-28,HCT116_DN2H_1-29,HCT116_DN2H_1-30,HCT116_DN2A_0-1,HCT116_DN2A_0-2,HCT116_DN2A_0-3,HCT116_DN2A_0-4,HCT116_DN2A_0-5,HCT116_DN2A_0-6,HCT116_DN2A_0-7,HCT116_DN2A_0-8,HCT116_DN2A_0-9,HCT116_DN2A_0-10,HCT116_DN2A_0-11,HCT116_DN2A_0-12,HCT116_DN2A_0-13,HCT116_DN2A_0-14,HCT116_DN2A_0-15,HCT116_DN2A_0-16,HCT116_DN2A_0-17,HCT116_DN2A_0-18,HCT116_DN2A_0-19,HCT116_DN2A_0-20,HCT116_DN2A_0-21,HCT116_DN2A_0-22,HCT116_DN2A_0-23,HCT116_DN2A_0-24,HCT116_DN2A_0-25,HCT116_DN2A_0-26,HCT116_DN2A_0-27,HCT116_DN2A_0-28,HCT116_DN2A_0-29,HCT116_DN2A_0-30
Glycine ,0.964393857,0.981817553,0.952087761,0.967333318,0.961121328,0.976097524,0.939314039,0.941514174,0.931560123,1.008486677,0.978734746,0.95643952,0.959749847,0.763663388,0.943488796,0.949860293,0.629445365,0.97701507,0.943394649,1.000527577,0.999569335,0.856422619,1.03169363,1.03738542,0.979146743,0.994677642,1.047645955,0.975320878,0.980478099,1.056970232,0.958288088,0.918792902,1.033079241,0.942122666,1.00511758,0.960950354,0.95438845,0.96761828,0.983848226,0.996814637,1.008987981,0.964631426,0.955890365,0.92026873,0.960638654,0.970955235,0.94704223,0.890845564,0.967082579,0.91841599,0.934131682,0.889269262,0.9422028,1.049194263,1.041906586,1.106931376,1.025629837,1.05198487,0.960271001,0.975913609,0.976182969,1.040133515,1.023130968,1.012134349,1.038589117,1.070207069,1.013224395,1.123654481,1.027907289,1.000025,1.013243304,1.032455581,1.037786128,0.617400049,0.615990308,0.660553189,0.979751774,1.006907246,0.927932869,0.961509425,0.96587696,0.930197062,1.032598716,0.950460954,0.97081401,0.962084067,1.073489681,0.953678794,1.068148007,0.931755198,0.999681704,0.957285151,0.996198317,0.904476593,0.934006822,0.946397438,0.967366699,0.945630648,0.990048114,0.976445443,0.952672155,0.959806979,0.979765106,0.976654979,0.965141555,0.581868583,0.380813951,0.635041682,0.987295335,0.990009534,0.951870286,0.924832874,0.878993802,0.969875883,0.999096281,0.904618377,1.0377353,0.96247417,1.059218704,1.051200309,0.998716988,0.972987463,0.874083411,0.982484898,0.941174607,0.919234255,0.9538856,0.984806627,1.028443101,0.97763047,0.975675818,0.978148535,1.013063665,0.936179436,0.633181814,0.981610363,0.51640152,0.966209567,0.857495294,0.964543768,0.969053231,0.893493502,0.883028257,1.036191742,1.049254059,0.702760365,1.011205577,1.007250783,1.011753508,1.036563685,1.054180301,1.030529345,1.0270493,1.071662256,1.062450767,1.007739117,1.046627629,0.454623637,1.058474278,1.016509207,1.032917235,0.973190182,1.014560844,1.001111573,1.009722878,1.009270313,0.992468899,1.033052628,0.920560326,0.962426853,0.980461446,0.944991064,0.980401104,1.006748364,1.076501935,0.990404397,1.066208792,1.03558823,0.840447625,0.989685535
Lactate,1.371273716,1.86332401,1.286886642,1.420886263,1.189856987,2.236526888,1.811915581,0.96218428,0.796156421,1.757075982,1.273588595,1.876715645,1.654734857,1.799864006,1.205594144,0.69337167,1.329710767,1.292646037,1.07487886,0.98353431,0.947420839,1.419573779,1.366889671,1.006343518,0.941451018,1.042685055,0.875050732,0.812943149,1.206626667,1.059455625,2.240557265,1.62847141,1.554284535,2.118726913,1.726116393,2.828674696,2.936825172,2.101140597,2.506697361,2.314859206,2.419659711,2.64682403,2.244845374,1.75642119,2.231229721,2.010908272,1.920456504,1.826872054,2.548887582,2.017783799,1.808073996,1.898922613,1.930931921,2.007328279,1.712852247,2.543671119,2.21466808,2.069002919,2.168086438,2.384842675,2.19937232,1.768989613,2.490221125,2.324983978,2.693727895,3.096613465,2.836954156,3.165624956,2.442068427,2.362478423,2.32918825,2.47118161,2.643005988,2.822381746,2.617428825,2.313974244,2.197793579,2.019701993,1.60135571,2.043773987,2.121536489,2.80548065,2.094104136,1.848608515,1.038436062,2.000485318,2.008804226,2.346508886,2.297726092,2.040102595,1.905117898,1.253655426,1.304405935,1.120756168,1.157469441,1.239779823,1.852665339,1.411020827,1.608875126,1.622072252,1.344639564,1.229581707,1.786793928,1.413060891,1.631224463,1.217298408,1.148301994,1.355122635,1.304526737,1.573312757,1.46138802,1.594683541,1.53537468,1.291090959,2.337581159,0.938841266,1.178138091,1.442369825,1.676028524,1.317478158,1.945448297,2.243833497,1.58795403,2.069625456,1.834945135,1.643205361,2.076327544,2.410561504,2.51638791,1.872140887,2.037660326,2.015480576,2.294405713,2.188956187,2.002173409,1.765439054,2.598196597,1.858002529,1.371937278,2.14174559,2.373914508,2.152267439,1.968107709,2.464115761,2.054243192,2.411160623,1.587654933,2.119112023,2.309335776,2.171901646,1.764579025,2.381048631,2.609224852,2.803642343,2.073140111,2.570620179,3.062737866,2.845424927,3.02101255,2.583842812,2.39823856,2.326597071,2.892789284,2.412059236,2.415662771,2.586892876,2.450921659,3.013866843,2.201098969,2.163310568,2.565967643,2.300269325,2.697814795,1.726240846,2.463743755,2.106790177,2.192088788,2.203594084,2.713234529,2.467119141
Pyruvate,0.050295364,0.086917273,0.047104937,NA,NA,0.095232774,0.067676311,0.011260184,0.018098169,0.076893566,0.034419794,0.080717709,0.065675832,0.016641275,0.036618429,0.025810436,0.048762299,0.045527989,0.041956298,0.029657905,0.033785496,0.045070185,0.063841525,0.025586448,0.028735721,0.05805559,0.04330669,0.018939944,NA,0.041462153,0.069019989,0.045473473,0.108304647,0.043810945,0.127310277,0.098764614,0.02112809,0.060538757,0.096709081,0.065899283,0.065009596,0.110730799,0.04371667,0.025975066,0.043687514,0.037552136,0.033028364,0.031144911,0.079319883,0.027086164,0.023179955,0.027490321,0.025875424,NA,0.024883635,0.078446942,0.050334757,0.052637827,0.063564737,0.030647076,0.035829104,0.090708748,0.056051566,0.120723953,0.054577219,0.095913621,0.055528531,0.095829589,0.033889533,0.046669286,0.042617349,0.062549862,0.050246482,0.056105066,0.059719101,0.044030769,0.039069619,NA,NA,0.033229919,0.040130958,0.015826111,0.053799904,0.024614897,NA,0.048996118,0.034942021,0.081485956,0.043751884,0.013258278,0.06315484,0.028933613,0.032060926,0.030349075,NA,0.030620446,0.050007623,0.033980616,0.04667049,0.044683112,0.032360672,0.025718227,NA,0.031514523,0.041467471,0.028006789,0.014146922,0.020027601,NA,0.0415036,0.031413143,0.029759061,0.034276661,NA,0.033338684,0.009331468,0.041025782,0.04317238,0.057724805,0.052538168,0.055426212,0.080375004,0.027036615,0.054237517,0.038455836,0.037894935,0.047262849,0.054423261,0.074646799,0.03552428,0.018414941,0.039274589,0.072083663,0.041245456,0.037771404,0.010535634,0.072336898,0.028752234,0.005628758,0.043578071,0.060551176,0.033451668,0.028316695,0.046915163,0.05907915,0.044272801,0.022540014,0.05220765,0.015346056,0.053188116,0.05963327,0.043336771,0.052928259,0.06697589,0.057343702,0.042306712,0.068145101,0.061444692,0.10339073,0.074453745,0.034386341,0.042926962,0.08144981,0.034996892,0.00642327,0.048600429,0.057048108,0.086848291,0.051672499,0.034626061,0.065192502,0.050897751,0.050123008,0.035159595,0.084419761,0.058982873,0.06365093,0.045235755,0.029363782,0.054895293
Leucine,0.104938892,0.135555466,NA,0.108228096,0.097101915,0.17214222,0.115318178,0.092023405,0.067729176,0.128821986,0.116827338,0.136416314,0.147106531,0.108981443,0.085011015,0.084646972,0.088451502,0.094313736,0.085934888,NA,0.080765402,0.081360067,NA,0.178061294,0.126651563,0.248311321,0.186267906,NA,0.099239738,0.048049169,0.175760572,NA,0.221718217,0.144771023,0.264706337,0.249042754,0.203315359,0.154201308,0.224444765,0.172791814,0.238871947,0.253279695,0.163170789,0.115772563,NA,0.112689865,0.12416903,NA,0.227621346,0.099404687,0.096347639,NA,0.769664538,NA,NA,NA,NA,0.109518594,0.155968236,0.181698815,0.154907474,0.268109777,0.230748916,0.203497023,0.301511709,0.373730791,0.241866295,0.367725893,0.272518016,0.183310406,0.217606074,0.221122502,0.236280592,0.259625573,0.233995827,0.149844321,0.141788071,0.120761216,NA,NA,0.130090151,0.238702916,0.654177584,0.282497137,0.056261523,0.117224484,0.177351809,NA,NA,NA,0.146590416,0.076750381,0.105784871,0.088722352,0.074561163,0.09697013,0.119583934,0.094788932,0.115206226,0.128563075,NA,0.075073564,0.115074159,NA,0.100937115,NA,0.085468354,0.088077252,0.084684623,0.107907991,0.093153544,0.095208466,0.0845017,0.848191672,NA,0.278965582,0.075921657,0.104717825,NA,0.067049565,0.162389071,0.184251543,0.089958894,0.169886117,0.115412441,NA,0.17085857,0.189153473,NA,0.141941852,0.153938578,0.167696718,0.20288691,0.157910813,0.127676345,NA,0.213778891,NA,0.077398898,0.173612753,0.200807069,0.137899652,NA,1.21943289,0.220435433,0.275330363,0.091619106,0.109203164,0.194073767,0.105360446,0.384494942,0.208563014,0.24892089,0.335490822,0.43159315,0.221723643,0.401733126,0.316134113,0.360935029,0.251681388,0.225736954,0.178931125,0.324293348,NA,0.19329694,0.202409846,0.183343235,0.345331189,0.164850433,0.137509433,0.271438134,0.201334714,0.262212609,0.630946192,0.733425563,NA,NA,0.104499486,NA,0.292833173
Glycerol,0.025217606,0.037520918,0.024635154,0.026583873,0.020190739,0.048360546,0.028828749,0.016176816,0.015779619,0.032560498,0.023443877,0.034752899,0.034281678,0.05026862,0.02204534,0.015160421,0.023468564,0.023265087,0.021146546,0.018366281,0.017823834,0.02189624,0.025689853,0.020822373,NA,0.033594339,0.027347728,0.020968101,0.021648972,NA,0.053883482,0.02891288,0.070252048,0.036798632,0.089797872,0.079486996,0.066842835,0.044163303,0.070505725,0.050641807,0.061976355,0.081790931,0.040712223,0.027675873,0.040579798,0.037379036,0.037373725,0.030184435,0.071578855,0.029797973,0.025949821,0.028925899,0.023274068,0.042183054,0.023426251,0.058651845,0.036476918,0.031919767,0.046456818,0.057238629,0.06476462,0.126047388,0.092556441,0.054452492,0.109389069,0.153567521,0.097936422,0.161850954,0.083993245,0.07411014,0.080026373,0.087727282,0.090734281,0.108726273,0.093230849,0.060180633,0.057901041,0.045985289,0.036651917,0.057077257,0.056992475,0.085931626,0.059591883,0.032995377,0.021964116,0.042891989,0.060312617,0.091706322,0.051565126,0.043564412,0.03038334,0.024284049,0.020491395,0.018572827,0.017697532,0.017995743,0.024401539,0.019567477,0.024291292,0.025586905,0.020245608,0.016926308,0.026325165,0.018619397,0.021677588,0.019521807,0.018321763,0.021737074,0.022603494,0.024233511,0.020287121,0.021287857,0.019135422,0.020967521,0.04236971,0.021473886,0.020201046,0.025802646,0.030127358,0.015875004,0.032125845,0.043923062,0.022173815,0.036685128,0.027359605,0.025666909,0.037394693,0.044615171,0.050359388,0.030059062,0.032812947,0.031640335,0.043281565,0.033236443,0.031351069,0.028270465,0.065215685,0.030514899,0.024015604,0.040097375,0.053060282,0.033899676,0.027239193,0.037826456,0.036796815,0.046405768,0.022188397,0.039335655,0.050278222,0.029456855,0.102169646,0.066803678,0.083509754,0.114930347,0.163126793,0.069457712,0.116942844,0.101672119,0.125817869,0.086552833,0.065693708,0.058644875,0.109307866,0.061258703,0.047861031,0.066858828,0.054053869,0.124288644,0.054827237,0.051187181,0.083962655,0.057405435,0.079029451,0.031548867,0.076399689,0.052382952,0.055742734,0.038584835,0.050653524,0.077609506
Norleucine,0.109807621,0.146794557,0.096334019,0.111878758,0.102276565,0.188553993,0.133590856,0.09339799,0.070431068,0.136850355,0.116212831,0.140446832,0.137197846,0.127262342,0.092488433,0.111672197,0.109090843,0.122260368,0.118839122,0.104391307,0.111383624,0.109687234,0.080223728,0.086566329,0.063898314,0.130102548,0.126500565,0.054645796,0.131180398,0.054111232,0.151728262,0.097836085,0.218039593,0.140317685,0.255316672,0.263145862,0.216596881,0.145577336,0.206231235,0.162889869,0.231747952,0.259627374,0.15429256,0.10937509,0.149777584,0.112348755,0.125116764,0.105822204,0.236176772,0.101202813,0.092087742,0.099408289,0.088679105,0.086245509,0.059505006,0.144800026,0.100818237,0.105179936,0.141041704,0.168335578,0.152602304,0.253699889,0.201580893,0.18846924,0.285752571,0.350808641,0.237033946,0.347268968,0.253815371,0.164543462,0.185154959,0.19682653,0.21055147,0.257231059,0.224566679,0.13675604,0.135572339,0.109759852,0.081307439,0.122144839,0.111894169,0.24962191,0.131706337,0.078596055,NA,0.05465812,0.12701251,0.175235748,0.124599801,0.102039921,0.177045642,0.102815889,0.129394476,0.080655263,0.080657041,0.089333629,0.143611916,0.113947546,0.117253698,0.136763659,0.091811613,0.083773065,0.121555229,0.096013817,0.103446018,0.097378701,0.097215243,0.108102729,0.122127732,0.132389026,0.115213085,0.130590887,0.099353629,0.088959541,0.152277151,0.107167382,0.07411351,0.116791658,0.137094898,0.068446234,0.173986693,0.171242683,0.088504667,0.161999872,0.116294434,0.103719247,0.163151708,0.193108235,0.235984469,0.135457515,0.149805018,0.149836113,0.20411886,0.156076949,0.123930279,0.120327351,0.213054104,0.109316683,0.061065012,0.173244436,0.187568717,0.14011062,0.117080336,0.227326871,0.097165333,0.19047118,0.070875731,0.094741172,0.183603972,0.095765501,0.384526357,0.192946863,0.220467113,0.320177341,0.419596655,0.213096501,0.385192495,0.308486473,0.326005064,0.21218029,0.196538273,0.156948385,0.329393618,0.184059271,0.176323751,0.198458438,0.184771501,0.33986315,0.152194207,0.123541177,0.240406753,0.185467014,0.253808125,0.092549657,0.211818947,0.180288035,0.130757718,0.087827115,0.128894948,0.225399491
Malonate,0.674726828,0.692393809,0.665617436,0.679340648,0.637406413,0.636749759,0.632336807,0.636455338,0.619166871,0.685120016,0.671523748,0.652799445,0.672685925,0.639431659,0.648278816,NA,0.650980022,0.663676677,0.620321699,0.648983905,0.623288045,0.621756057,0.677072404,0.669649297,0.612608039,0.654534059,0.678396196,0.568998018,0.606143955,0.656729851,0.638213428,0.630265946,0.715981912,0.655700966,0.702655581,0.699589971,0.715592066,0.662783938,0.6882637,0.685078967,0.685787916,0.720593241,0.655319577,0.659931673,0.657988728,0.641463388,0.635218616,0.645960546,0.694568658,0.692014284,0.641378206,0.664141969,0.625597864,0.666017891,0.671793703,0.730644297,0.70700831,0.72352148,0.681459456,0.701124321,0.681947683,0.747610476,0.701444017,0.7097472,0.706898291,0.702257028,0.645624284,0.776323909,0.708284635,0.675180612,0.711755592,0.715200365,0.697957924,0.762270227,0.737826806,0.685942482,0.685521739,0.674809098,0.646258831,0.656680755,0.678512649,0.708668283,0.703984726,0.623805837,0.62317384,0.563552881,0.686538667,0.685841765,0.693217894,0.680552344,0.69564964,0.646140596,0.662476493,0.620604499,0.624340768,0.614603942,0.704511912,0.664703457,0.656000395,0.675591528,0.649854815,0.646461063,0.652172442,0.642618328,0.655763204,0.64158327,0.65678379,0.673695864,0.658110655,0.615786183,0.632687045,0.710963308,0.612559528,0.630498832,0.693678978,0.570640153,0.686760884,0.684104392,0.656754401,0.708755272,0.693080994,0.698498761,0.533715771,0.681966791,0.627994867,0.641319743,0.677371463,0.738320463,0.71117264,0.673706962,0.651233643,0.667876933,0.688439613,0.677143921,0.640576658,0.668885441,0.674009872,0.644646108,0.577561622,0.667382538,0.686290623,0.670595665,0.618977141,0.696940033,0.678813626,0.658525622,0.648390932,0.659584035,0.720629292,0.614978315,0.630182173,0.725763024,0.711596071,0.720817029,0.672104102,0.693807224,0.661638064,0.874670217,0.760642047,0.714013138,0.703202674,0.67679869,0.738342118,0.669355637,0.713758152,0.67441279,0.692052287,0.719882889,0.663903923,0.667099896,0.683124265,0.655793,0.672692895,0.668436782,0.71867048,0.646668326,0.727616257,0.644305616,0.622051497,0.693910388
Phosphate,1.543395192,1.797146935,1.67873326,1.897173492,3.923876831,3.971384,2.393937757,3.988630935,1.961964572,2.418273889,3.932884441,2.040121869,3.874128285,1.687988923,2.425582445,2.24504091,1.423775177,1.562113503,1.407670391,1.421309807,0.911765758,1.538257294,1.935473717,1.872099973,1.893969485,2.378615469,1.743169581,1.656054551,0.73023619,1.533921973,2.037795921,1.977442263,2.442212776,NA,2.240507309,2.273391494,2.138078409,3.956957943,4.225467527,3.286843915,1.636728784,1.497713855,1.333695208,1.225487443,1.335183865,2.607737838,1.404974856,2.53163706,2.629301738,3.370154139,1.585314658,1.628007087,2.359433415,1.6450128,1.033314108,2.067474498,2.686470557,1.426530587,1.217036558,1.27647741,1.800049909,1.901257699,2.385105758,4.416907622,2.713162466,3.084295693,2.498571308,3.345835547,2.950010962,4.274764761,4.500670068,2.511680222,2.638337446,1.699463919,1.565793619,4.331261181,2.288420516,2.973715994,2.822973214,2.876383334,1.312694737,1.583483659,2.515559003,2.120558515,1.86451083,2.082162437,1.443392562,1.327328352,1.677245199,1.399150796,1.93053357,2.521887121,1.605286995,1.250309711,1.801810049,2.464070444,2.363863729,2.352264159,4.407126506,2.290931329,2.116826864,1.993248812,1.8156579,2.442726073,1.30039002,2.006659997,3.617951537,3.35478973,2.753007264,1.700902888,2.868955345,1.577881065,1.618397784,2.215474984,2.252555035,2.353550669,1.125802733,0.864912194,2.306037364,1.191271103,1.749445541,1.726299994,1.691173419,3.652107474,1.890078264,2.005420125,3.876922713,2.471828614,4.692245647,2.461673619,2.357825937,2.259179556,2.037663905,1.460252021,2.207832405,1.723317661,3.061467278,2.365036998,1.03435353,1.249500808,1.385606277,1.49973216,1.499267713,2.503989885,1.852745713,1.552383359,1.311472845,0.909199174,1.354150286,1.575288305,2.284156499,1.892404683,2.017171874,2.827133425,5.201054274,2.684877899,3.004930786,4.291505072,3.015742972,2.561696286,2.7270515,2.309611076,2.511522788,2.364179735,1.73649421,5.023043965,2.409856643,1.062313183,1.755897483,1.354614794,1.898426386,1.675654071,2.044272872,2.263579713,1.329921054,3.549312635,2.017293585,1.038761795,2.158137663,2.448642032
Threonine,0.01899716,NA,0.016842896,0.021259588,0.021405612,0.023594599,0.022844512,NA,0.011325421,0.023014011,0.019281937,0.017722575,0.019682267,0.018248055,0.014236834,0.009058825,0.012849717,0.01196415,0.011141112,0.013185497,0.012785468,0.01148204,0.012362579,0.013683844,0.010461506,0.012049066,0.009992989,0.008912904,0.021850901,0.011141158,0.019199954,0.013985969,0.029302735,0.017604568,NA,0.031226395,0.004295311,0.019158983,0.023080612,0.017930072,0.005436901,0.025142635,0.021596124,0.013438125,0.016516593,0.01124443,0.010470815,0.012134859,0.023588415,0.010059515,0.008044748,0.010173264,0.00387907,0.013581572,0.019059655,0.044601593,0.029183798,0.018260557,0.014703036,0.016965109,0.015678654,NA,0.033167032,0.033193674,0.045634774,0.045854539,0.0276992,0.055804779,0.046718857,0.024707685,NA,0.00466535,0.030067228,0.004186222,0.030795714,NA,0.014136579,0.015006377,0.010647109,0.002262328,NA,0.027018575,NA,0.008476536,0.002266515,0.008251662,0.011565672,0.027621855,0.046306022,0.019182905,0.025044291,0.013826699,0.018384998,0.012118681,0.012235987,0.006213772,0.02272514,0.020342257,0.004167541,0.020809812,0.012905002,0.008236999,0.008638477,0.01297494,0.013303498,0.013092434,0.01147683,0.012557674,0.017800818,0.014479682,0.015289726,0.015385353,0.010771606,0.011207663,0.015187952,0.011738637,0.016944739,0.035195972,0.028981688,0.008664273,0.022236325,0.02180129,0.010418157,0.025856476,0.012951978,0.013771803,0.020374972,0.030416657,0.032591572,0.017938239,0.017917399,0.021373783,0.023181588,0.022009483,0.007705912,0.013345156,0.002934727,0.004518163,0.007350038,0.00159006,0.006346496,0.014159505,0.010247785,0.0240959,0.012884375,0.015000456,0.012486107,0.025825855,0.004304532,0.012054319,0.003894511,0.00219704,0.032175986,0.008619301,0.050485895,0.007247556,0.049786755,0.037367339,0.054532474,0.031948035,0.034829347,0.022296403,0.037642144,0.018102036,0.020050915,0.022615888,0.013734265,0.023963171,0.013850828,0.015461408,0.025971976,0.019439593,0.021787808,0.013595736,0.030401413,0.023067016,0.021057543,0.027726366,0.01207821,0.023997481
Beta-alanine,0.025320558,0.027919698,0.018897909,0.024714633,0.022627436,0.02484061,0.023342159,0.021012982,0.016097421,0.04604172,0.026939058,0.025293947,0.022547847,0.017560228,0.017101614,0.025543453,0.025899279,0.029050915,0.02692087,0.026392452,0.022420296,0.02068746,NA,0.032388683,NA,0.041964996,NA,0.018584054,NA,0.014675427,0.017408543,0.015000963,0.020736158,0.013808739,0.019910543,0.022270078,NA,0.016082783,NA,0.018728002,0.02057966,0.0184071,0.018171021,0.015136668,0.01614483,0.012966384,NA,0.01149695,0.020220738,0.009633184,0.011721896,0.012180655,0.010806437,0.018226877,0.014186662,0.015555252,0.015049192,0.019512791,NA,0.018076215,0.014380578,0.027193219,0.022728123,NA,0.03684122,0.027825452,0.017526517,0.031298459,0.033064426,0.021512934,0.028683438,0.024508594,0.033018644,0.028601345,0.023380531,0.022378082,0.022154583,0.020460358,0.01964648,0.022181994,0.01930559,0.015765143,0.020396605,0.021042323,0.00781347,0.013736698,0.025156091,0.020863352,NA,0.020798387,0.04284371,0.023035907,0.032414324,0.022711734,NA,0.029718639,NA,0.025770244,0.03912015,0.034594156,0.023967483,0.024643914,NA,0.023522449,0.027587901,NA,0.031322573,0.03446987,0.038068561,0.035599626,NA,0.030558638,NA,0.028202809,0.026712859,0.028545146,0.03173871,0.038299174,0.043355459,0.030570399,0.024529876,0.02449294,0.008565622,0.023953926,0.013566864,0.014512418,0.01576637,0.023501979,0.03286419,0.020372395,0.02145814,0.024056219,0.026866135,0.0181413,0.013688455,0.016136942,0.020504403,0.014367421,0.01037929,0.017336918,0.017479353,0.012298225,0.012003071,NA,0.015991032,0.006521852,0.013614458,0.01312876,NA,0.014394926,0.007627558,0.020022424,0.019760937,0.016403752,0.022717303,0.01781764,NA,NA,0.022897219,0.015880769,0.012854765,0.023323199,0.019636523,0.012707389,0.007189951,0.016728177,0.01538392,0.020499193,0.012896083,0.013116472,0.030086571,0.016483181,0.015037362,0.020195224,NA,0.026108544,0.011643281,0.021018137,0.004332997,0.017014176
Erythronate/ Threonate,0.003493811,0.00439024,0.002673847,0.004203885,0.003356943,0.005294884,0.00389912,0.002398719,0.002176773,0.004372681,0.003490163,0.004156284,0.003672701,0.003609147,0.002391333,0.001683699,0.003227688,0.002361377,0.002915282,0.00248936,0.002000495,0.002714282,0.002694932,0.00281659,0.002494131,0.003471014,0.002873559,0.001996434,0.004557741,0.002706406,0.005203574,0.003715168,0.00664835,0.00409075,0.007379823,0.007422996,0.005285058,0.004092906,0.006135144,0.005369125,0.005319176,0.006851812,0.004621751,0.003067727,0.004587711,0.002209332,0.002532971,0.001781012,0.004477179,0.001890774,0.00221747,0.002999752,0.001743673,0.002789918,0.001307959,0.003791233,0.002305144,0.002156499,0.002713539,0.003349953,0.004502573,0.008818685,0.005962067,0.006432777,0.006837131,0.010588433,0.005964794,0.008944007,0.004284934,0.004857985,0.004908835,0.005066536,0.005242396,0.006601816,0.005721572,0.004350573,0.003273744,0.003422419,0.00320678,0.004089033,0.004476332,0.005927209,0.00401217,0.003441627,0.001455538,0.002137974,0.006257439,0.006459258,0.004058012,0.003287205,0.00634213,0.002993703,0.004252446,0.003462171,0.001811031,0.003786527,0.003974946,0.003748784,0.004277717,0.003489518,0.002989253,0.002228795,0.003288514,0.003229741,0.004069249,0.002729964,0.003097908,0.002312871,0.003077988,0.0035781,0.003453142,0.003561252,0.002820889,0.002474614,0.005123188,0.003264186,0.001612963,0.004063266,0.003986388,0.002057597,0.003296043,0.00402358,0.001998553,0.004374159,0.002926822,0.002395462,0.003137728,0.004160483,0.006668885,0.002555413,0.003117247,0.002995105,0.0038454,0.004504561,0.002787808,0.001836545,0.003485459,0.005106391,0.000849332,0.002278567,0.003580808,0.002810731,0.001565746,0.003811744,0.002295681,0.003280367,0.001452276,0.003330041,0.004025051,0.002396985,0.007553231,0.004481219,0.004754586,0.007284001,0.009015388,0.004151542,0.00643103,0.005868814,0.010107428,0.005563266,0.003494423,0.00411103,0.007949287,0.004254728,0.005069308,0.004279999,0.002970927,0.00625973,0.002971886,0.003286158,0.004560016,0.004073311,0.005633152,0.00308381,0.004126807,0.003535786,0.002513459,0.002648945,0.001975496,0.004896854
Malate,0.018503311,0.017216454,0.016446206,0.016638591,0.017502104,0.017765024,0.018113441,0.016132207,0.012879489,0.016535346,0.018437328,0.015837882,0.017261538,0.019042832,0.017416092,0.007889027,0.011489157,0.01242191,0.011359555,0.010252035,0.010711635,0.009785163,0.009452852,0.010180043,0.007693397,0.013683875,0.015313639,0.006654541,0.009166368,0.007156338,0.008967256,0.01199642,0.010988726,0.00834562,0.011705371,0.01236591,0.011291286,0.011333772,0.011028109,0.011079493,0.010863559,0.012897799,0.011486655,0.009683615,0.010930003,0.005034213,0.005470534,0.00503643,0.009268775,0.005233366,0.003869799,NA,0.002876022,0.005283516,0.004547581,0.00663961,0.006797517,0.004871449,0.005434248,0.006687915,0.017930816,0.027637346,0.024444271,0.02178349,0.020619607,0.036419891,0.020070771,0.036985728,0.014801933,0.020435326,0.017917852,0.021703456,0.025567839,0.0314943,0.022276001,0.011663817,0.009563246,0.008064799,0.008332609,0.009799555,0.009886877,0.011737795,0.010965494,0.0076469,NA,0.005768526,0.008960984,0.01584401,0.010232967,0.007041421,0.034950386,0.017844559,0.020768288,0.016064837,0.017238181,0.024319119,0.027247803,0.02442536,0.029360909,0.029328488,0.020657974,0.020146053,0.023193472,0.021377989,0.026033318,0.02829177,0.011982232,0.014609139,0.016173827,0.018234133,0.015148544,0.015868436,0.012135491,0.010524445,0.019767146,0.015179193,0.011019049,0.014649086,0.010986954,0.011036088,0.01013073,0.012485173,0.006641563,0.011607424,0.008489098,0.007957693,0.011012831,0.015390252,0.0151442,0.009116788,0.011451038,0.008986858,0.011791097,0.012299921,0.008231165,0.007712633,0.009506352,0.00725495,0.00368163,0.010767852,0.007692201,0.007274953,0.005531418,0.011438746,0.005272996,0.006629246,0.003316062,0.007685948,0.010732623,0.005508699,0.007589993,0.011900814,0.009859928,0.013926272,0.016801052,0.008694742,0.010439346,0.009725681,0.036473328,0.022629737,0.006250907,0.024221153,0.032388046,0.022955773,0.008099369,0.012577819,0.011714554,0.014601134,0.011150417,0.011364144,0.014762686,0.015572206,0.014213844,0.014969125,0.012266108,0.018268959,0.006969651,0.014160851,0.006288371,0.014511587
4-aminobutyrate,0.019943995,0.022688534,0.016133963,0.019561054,0.018483554,0.02006531,0.017382323,0.01477759,0.009214893,0.020442812,0.01909414,0.016975419,0.016486472,0.010845391,0.012899412,NA,NA,0.016284374,0.014952327,0.013531692,0.011015447,0.008615355,0.010437333,NA,0.008656909,0.015273788,NA,NA,NA,NA,0.012637955,0.011411571,0.012720794,0.007898261,0.011008614,0.013135087,NA,0.009923184,0.012173522,0.010965076,0.010307397,0.00997016,NA,0.008116854,NA,NA,NA,NA,NA,0.006486684,NA,0.007645196,NA,NA,NA,0.011131474,NA,NA,NA,NA,NA,0.010820981,0.009720649,NA,0.012728266,0.011726602,0.008895263,0.014013288,0.011612379,0.007496319,0.00839194,0.007332018,0.011087944,0.011785651,0.00940955,NA,NA,0.007141994,NA,0.007585899,0.007747146,0.008549915,NA,0.003482863,NA,NA,NA,NA,0.008638845,NA,0.029209611,NA,0.020083242,0.013747756,0.015566871,NA,0.019956556,0.017031997,0.028250219,0.024077788,NA,0.013153563,0.017997796,0.013076394,NA,0.015657309,0.012911927,0.016245007,0.019009568,0.016986383,0.016161143,0.012878101,0.010777822,NA,0.011834483,NA,0.011350674,0.015517044,NA,NA,0.012675858,0.015820425,0.005552342,0.014553463,NA,0.009527543,0.011027122,0.012509671,0.019565601,0.010956721,0.011430036,0.013529383,0.013276413,NA,NA,0.009892554,0.016092911,NA,NA,0.006194026,NA,NA,0.008235412,0.020680463,NA,0.004866252,NA,0.00881253,0.01357841,NA,NA,0.008090312,0.008410013,0.007118932,0.009335363,NA,0.007876754,0.006587474,0.012324501,0.008896525,0.00694973,0.009371856,0.008008009,0.006205238,NA,NA,0.006767429,NA,0.0062398,0.00759591,0.012598662,0.00894452,0.007752998,0.005379479,0.008681717,NA,NA,NA,0.005071752,0.008009856
Aspartate (1),0.049744636,0.06513548,0.041687048,0.052547594,0.048128769,0.067955283,0.060988455,0.036650784,0.029378655,0.065635038,0.051456443,0.058472996,0.051450623,0.052050526,0.039915484,0.019840607,0.023187822,0.028837604,0.02848848,0.023749085,0.025617918,0.026504049,0.019532083,0.021599233,0.015905962,0.027525122,0.02695374,0.016701089,0.032297689,0.01765407,0.044195692,0.036829437,0.056447604,0.036355199,0.067762321,0.062548827,0.050431938,0.038725508,0.054446437,0.045450231,0.055138028,0.063825541,0.045329702,0.028161172,0.042408489,0.021234233,0.02144488,0.018166759,0.049510931,0.01625794,0.017525541,0.015756788,0.008270696,0.018442356,0.013565445,0.043315443,0.024764672,0.019722551,0.026271328,0.032542526,0.037529974,0.070538141,0.053616426,0.07250801,0.061287911,0.083589988,0.056991429,0.089197514,0.04743631,0.046655496,0.047560321,0.053697391,0.052011047,0.06553974,0.058594288,0.040892347,0.032192174,0.028326124,0.02509798,0.034083973,0.038380802,0.058570853,0.028928529,0.018491037,0.006831469,0.021637165,0.027938,0.04835067,0.037414536,0.031393956,0.047873116,0.02955569,0.035125301,0.023981015,0.023302435,0.031743785,0.039789619,0.02930194,0.037816847,0.043225943,0.024903847,0.024479129,0.032922032,0.026522164,0.029728017,0.020906325,0.019826708,0.02279261,0.039485733,0.025992883,0.026861199,0.027599237,0.021052738,0.016603484,0.07075997,0.014911871,0.017578335,0.029575396,0.034302162,0.014193228,0.031138168,0.041512929,0.020049869,0.039836441,0.024333284,0.026052131,0.039291892,0.043334663,0.054656132,0.031613068,0.034923631,0.03776989,0.043247498,0.038356172,0.028690668,0.019161822,0.039612749,0.018983241,0.013952396,NA,0.045227101,0.026539186,0.021380865,0.036181334,0.016980146,0.033187144,0.011872354,0.025022454,0.04038398,0.022489602,0.055033084,0.036047757,0.040121428,0.056346852,0.072375942,0.038920806,0.055247127,0.048747481,0.087611216,0.060368544,0.030180269,0.043312475,0.066327116,0.04489638,0.020905343,0.046310555,0.035868204,0.06310638,0.036699211,0.033720469,0.05367562,0.047758592,0.061176073,0.017045769,0.037228303,0.0396681,0.028114787,0.025137274,0.019876521,0.04489061
Aspartate (2),0.008113371,0.016837457,0.002852888,0.007481938,0.001870554,0.012998447,0.00383833,NA,NA,0.014983211,0.006843301,0.015384556,0.014019711,0.003055509,NA,0.000596786,NA,NA,NA,NA,NA,NA,NA,NA,NA,NA,NA,NA,NA,NA,0.01118142,NA,0.019428857,NA,0.031430053,0.017092167,0.007371039,NA,0.020243801,0.007828338,0.016374032,0.023384056,0.005672732,NA,0.004972042,NA,NA,NA,0.008034919,NA,NA,NA,NA,NA,NA,NA,NA,NA,NA,NA,0.004194507,0.040351998,0.013432507,0.033864326,0.019142233,0.056506322,0.010556327,0.05492985,0.011236839,0.005572835,0.012342935,0.013814491,0.016088107,0.014941591,0.009168329,0.004992736,0.002761705,NA,0.001294015,0.001811962,NA,0.006500821,NA,NA,NA,NA,NA,NA,NA,NA,0.013385007,NA,NA,NA,NA,0.003454477,0.003895261,NA,0.006187256,0.008363551,NA,NA,NA,NA,NA,NA,0.000334719,NA,0.002402687,NA,NA,NA,NA,NA,NA,NA,NA,NA,NA,0.003689573,0.003631953,0.01399651,NA,0.009198104,NA,NA,NA,NA,0.0196974,NA,0.00337863,0.008545566,0.011604329,0.002644786,NA,NA,0.009957079,NA,NA,0.003099148,0.010816124,NA,NA,NA,NA,NA,NA,NA,NA,NA,0.015657328,0.00574673,0.01136265,0.012115882,0.046260048,0.004380878,0.015857056,0.017266417,0.066906535,0.020411877,NA,0.012159656,0.019080537,0.007920484,NA,0.007069538,0.00541911,0.069044129,0.00590019,NA,0.017427671,0.009427243,0.014749183,NA,0.055120263,NA,NA,NA,NA,0.020918257
4-hydroxyproline,0.151216413,0.166049191,0.132010303,0.156953134,0.146848413,0.175716745,0.164870064,0.135983972,0.105672876,0.168379516,0.170605821,0.153503153,0.141384077,NA,0.127934697,0.172156157,0.166332227,0.177125337,0.191155841,0.151427416,0.147958678,0.16644411,0.114475069,0.140665255,0.111725232,0.171934413,0.178782309,0.091392765,0.255239708,0.09261947,0.105987604,0.10192115,0.129199871,0.101400996,0.140726072,0.142181434,0.10103607,0.103286066,0.119999434,0.110221688,0.124069869,0.124038096,0.114554749,0.096602291,0.116461323,0.067505989,0.075916416,0.052264566,0.110301808,0.039518996,0.051199115,0.039194154,0.029173354,0.05475519,0.042623864,0.106444335,0.074236403,0.079246135,0.076043453,NA,0.063764568,0.107840425,0.098704641,0.174280008,0.143415611,0.130572164,0.095422869,0.131588312,0.142235594,0.081575678,0.107283391,0.087889507,0.109111839,0.104677629,0.107009238,0.071354343,0.058142729,0.056924194,0.048825947,0.070663465,0.059225853,0.104904731,0.055302783,0.02616707,NA,0.033387806,NA,0.023342079,0.098821661,0.058979511,0.186420957,0.129516256,0.167508517,0.115948965,0.110215641,0.160725017,0.059462713,0.130046699,0.165956752,0.173414763,0.120291131,0.108023154,0.140035031,0.122481374,0.114981073,0.128820739,0.137211204,0.142478021,0.180354433,0.180315362,0.067263874,0.171454641,0.12093407,0.101039344,0.128964883,0.099252151,0.120718742,0.174719528,0.231898327,0.091300806,0.139699901,0.12154579,0.065524401,0.134354521,0.078573707,0.088899449,0.108752853,0.133963935,0.16306785,0.11446467,0.119701656,0.133139014,0.132940834,0.120263047,0.093119072,0.077490971,0.099580442,0.069322693,0.01970827,0.09324272,0.106407219,0.066881872,0.053068361,0.140562464,0.058281765,0.10046221,0.044081036,0.072412432,0.144816688,0.073762648,0.13839802,0.104004202,0.105573749,0.144548137,0.15665171,0.102454673,0.076168269,0.112806054,0.145580415,0.105318715,0.101201384,0.08335237,0.120714327,0.044580977,0.080200551,0.106285126,0.078786642,0.132756349,0.074306224,0.063156809,0.113078162,0.089027709,0.135569371,0.053175798,0.113401163,0.093532418,0.085604068,0.059115747,NA,0.100691041
xylitol/Ribitol,0.004144124,0.00709208,0.00510932,0.004900315,0.004747061,0.010046249,0.006392997,0.003055774,0.003380275,0.006735394,0.005465093,0.007737146,0.007879866,0.001690228,0.003774596,0.002101601,0.004877026,0.004807776,0.003443639,0.002271632,0.003194833,0.004070167,0.005674748,0.002663972,0.001747884,0.003008454,0.003291508,0.001767002,0.004998609,0.000652321,0.009573839,0.004983746,0.013368617,0.006779347,0.016794288,0.014090808,0.011864397,0.009291429,0.01280007,0.00991099,0.012048652,NA,0.007356347,0.004737825,0.00795415,0.004687887,0.005016768,0.004861714,0.014058142,0.005782119,0.003394855,0.003644697,0.00275194,0.004080566,0.004814927,0.011519753,0.007458034,0.005083829,0.006622382,0.008775214,0.009323294,0.017349785,0.014054237,0.013053749,0.01530975,0.025731515,0.013910543,0.02504388,0.010539752,0.010498251,0.011564875,0.012545385,0.011838434,0.016128452,0.013864927,0.008656908,0.007904896,0.007588649,0.00436973,0.008117393,NA,0.018813799,0.007962679,0.004277139,0.001855286,0.00576902,0.00866887,0.01284426,0.010335759,0.007307748,0.006751062,0.002937485,0.003929572,0.003749492,NA,0.00468626,0.005304949,0.004082161,0.005141716,0.006137804,0.004295607,0.003439354,0.005059922,0.004043251,0.00439519,0.00308949,0.002832834,0.002590737,0.004007927,0.00338248,NA,0.003587336,0.003038208,0.003403962,0.011933528,0.00258627,0.002521168,0.00489366,0.006825139,0.002812207,0.006214068,0.00798093,0.003985309,0.006934438,0.004660999,0.004274518,0.008736713,0.007613383,0.001781766,0.005104152,0.006307445,0.00544969,0.001356865,0.001320003,0.005274639,0.003590452,0.009776833,NA,0.002678736,0.006397822,0.01132788,0.006979274,0.004403738,0.006875839,0.004896108,0.007179469,0.003215787,0.007637924,0.010300494,0.005078065,0.018855312,NA,0.012684135,NA,0.024228628,0.009749134,0.017526238,0.014615905,0.025852077,0.014394569,0.009612548,0.009390856,0.004176975,0.010092856,0.006309245,0.011068965,0.008400045,NA,0.008232547,0.007337954,0.012597027,0.002395294,0.012913365,0.004629275,0.009252843,0.008901888,0.008102658,0.007124169,0.007606157,0.011001949
Cysteine,0.002195197,0.008458834,NA,NA,NA,NA,NA,NA,0.000597304,NA,0.003145762,0.009983202,0.008290566,NA,NA,0.001932833,0.003463082,0.005836673,0.002209169,0.001490732,NA,NA,NA,NA,NA,NA,NA,NA,NA,NA,0.012905636,NA,0.025161239,0.001529873,0.035505012,0.015459469,0.008578346,0.004588879,0.027860996,0.009268916,0.015001015,NA,NA,NA,0.002346503,NA,NA,NA,0.010395395,NA,NA,NA,NA,NA,NA,NA,0.000582817,NA,NA,NA,NA,0.038016026,0.015824597,0.02681513,0.020337714,0.053629133,0.007143619,0.048063977,0.013407412,0.004663507,0.014486503,0.014227962,0.014824189,0.011056299,0.010114623,0.002290008,0.00232167,NA,NA,NA,NA,NA,NA,NA,NA,NA,NA,NA,NA,NA,0.008361627,NA,NA,NA,NA,0.001409272,NA,NA,0.002799378,NA,NA,NA,0.001650461,NA,NA,NA,NA,NA,0.001261549,NA,NA,NA,NA,NA,NA,NA,NA,NA,NA,NA,0.005612777,0.020111259,NA,0.009160872,NA,0.002304168,0.005630492,0.004166822,0.019934956,NA,0.003320213,0.006988154,0.013900425,0.002266582,NA,NA,0.016222746,NA,NA,NA,0.011098949,NA,NA,NA,NA,NA,NA,NA,NA,NA,0.02118549,0.009578612,0.022520635,0.018111638,0.050327273,0.003858291,0.030495425,0.025850061,0.071922952,0.025164582,0.009244939,0.013487652,0.018589135,NA,NA,0.007861814,0.007947249,0.05628977,0.007393266,NA,0.019360675,0.009102662,0.011608025,NA,0.004720741,NA,0.002587939,NA,NA,0.020327674
2-hydroxyglutarate,0.002668145,0.005253284,0.003201204,0.003974533,0.003425932,NA,0.004880169,0.002574732,0.002467159,0.004985035,0.005232454,0.003929668,0.004414176,0.004700796,0.003159181,0.002901502,0.003017223,0.004237909,0.003936714,0.003425177,0.002477295,0.003796205,0.003118212,0.00292936,0.002631899,0.002154502,0.004247777,0.003049153,NA,0.004191326,0.007514058,0.004505976,0.009820675,0.007623344,0.011073659,0.010186332,0.007856445,0.007072351,0.011381913,0.008923807,0.009704041,0.010576812,0.008142855,0.006768056,0.008343055,0.004923559,0.003554367,0.004252614,0.006697806,0.00380253,0.003618213,0.00399772,0.001511023,0.002660048,0.005229584,0.00726984,0.008302022,0.005236845,0.0048488,0.007079746,0.02514884,0.045930857,0.031644016,0.010036387,0.039373108,0.062227595,0.034220643,0.065001507,0.031661859,0.032949203,0.034839017,0.037265926,0.04649525,0.044264236,0.034607816,0.031579686,0.02303297,0.024351955,0.023179599,0.027312445,0.026758344,0.026695982,0.017719938,0.014035524,0.01083807,0.020643977,0.031117872,0.032486468,0.026527475,0.033575203,0.004462053,0.002213225,0.003146612,NA,0.001927191,0.002638138,0.004713045,0.003074899,0.003362872,0.00465491,0.003076547,0.003080855,0.002854918,0.003245286,0.003374303,0.002739807,0.003465507,0.00329889,0.002159321,0.003947513,0.00323828,0.003442,0.002715764,0.003375004,0.013883812,0.002402381,0.00209785,NA,0.004481741,0.002544163,0.004976841,0.007199252,NA,0.005848579,0.003335587,0.003526042,0.005035658,0.007048016,0.010035928,0.004002399,0.005925399,0.005793171,0.005263286,0.005870205,0.003317643,0.002674551,0.007212905,NA,NA,0.003969886,0.006524235,0.003974399,0.003171878,0.00554,0.002818273,0.005683182,NA,0.006196912,0.007915809,0.003294426,0.020624131,0.025414769,0.02195703,0.028220588,0.036797615,0.019449789,0.026230794,0.022150198,0.050503326,0.030045893,0.022143031,0.027897406,0.034483981,0.006488173,0.016298189,0.028212951,0.018384084,0.035320007,0.016830046,0.018755701,0.028025662,0.024927749,0.024938579,0.01861284,0.018017168,0.02109842,0.013362009,0.030500341,0.01265715,0.024080952
Methionine,0.010930109,0.017543598,0.010142262,0.011789736,0.009805538,0.020023764,0.014556667,0.009680819,0.006684264,0.015942098,0.016381637,0.016737368,0.017288671,0.013187495,0.008457785,0.007180246,0.006603009,0.007722282,0.008282786,0.00773541,0.006164035,0.007477063,0.005241185,0.004665973,0.004242685,0.008240369,0.006795094,0.004270386,0.010215985,0.00512319,0.01874747,0.009121127,0.025187141,0.014225048,NA,0.029566185,0.022643248,0.014091591,0.028212148,0.019171078,0.025869662,0.016305297,NA,0.010058369,0.016636844,0.009617358,0.010291505,0.00872563,0.026239466,0.008048248,0.008174085,0.007265565,0.006809951,0.007357294,0.008262689,0.020622016,0.012999784,0.012148532,0.013795943,0.017967911,0.015762766,0.034866195,0.028880715,0.025720055,0.043955477,0.047727823,0.028411235,0.053410097,0.037866326,0.021131965,0.029302982,0.025086495,0.027651076,NA,0.028148438,0.013786222,0.015039088,0.011653607,0.009484619,0.014360587,0.01252448,0.029906021,0.011317298,0.00571571,0.001592199,0.005796672,0.01159119,0.021380634,0.021020131,0.014905578,0.018907682,0.008543393,0.012548979,0.010243157,0.008154367,0.011327841,0.013509918,0.01104783,0.012933939,0.016705203,0.007793476,0.007070591,0.012507749,0.009200049,0.011043371,0.007923849,0.007679519,0.009933969,0.010400435,0.014213051,0.013728466,0.011404292,0.008197779,0.006210976,0.020988321,0.007815024,0.006962902,0.014734842,NA,0.006363208,0.020000109,0.022272662,0.01010665,0.018693593,0.010818504,0.013786897,0.018129603,0.022388895,0.028429136,0.013843409,0.015277663,0.021472732,0.023026944,0.019055779,0.011549134,0.01102766,0.027269074,0.01253236,NA,0.017050727,0.025756807,0.016985751,0.011806177,0.026014502,0.009246674,NA,0.008205109,0.008855305,0.025908034,0.013303413,0.055293386,0.026318248,0.032502429,0.04533677,0.053096784,0.027151217,0.028738916,0.038134821,0.043625469,0.030130587,0.027476252,0.020482608,0.039343806,0.021745623,0.021501458,0.023696234,0.017824507,0.035243799,0.015899633,0.013355238,0.017440498,0.021985725,0.029093087,0.007056235,0.024064942,0.019401207,0.016335036,NA,0.017006499,0.027474322
Creatinine,0.035676163,0.043174554,0.031674018,0.043759126,0.036259767,0.036496504,NA,0.026640692,0.016754952,0.0387711,0.045988524,0.044212083,0.035715482,0.020487423,0.01681961,0.032750527,0.032008721,0.040524853,0.025102256,0.033530015,0.018301585,0.012122599,0.020110451,0.029116618,NA,0.032847179,0.02797479,NA,0.0322447,NA,0.049448206,0.029618929,0.058090377,0.02861885,0.044696985,0.040250127,0.024390494,0.026237344,0.047742895,0.036618936,0.044340941,0.034537818,0.037375146,0.027227688,0.026853301,0.012410737,0.023136369,0.012755121,0.026898756,0.011466269,0.010395633,0.010853605,0.01000952,0.020199887,NA,0.041659807,NA,0.032867095,0.01352223,0.027159241,0.024634691,0.046406058,0.058536602,0.079036619,0.069094592,0.07479878,0.03434913,0.050546872,0.059227277,0.036438033,0.043157295,0.04711201,0.067628783,0.047072234,0.034241424,0.030908949,0.034698172,0.023382746,0.031190767,0.026727885,0.029381288,NA,NA,0.011594713,NA,0.006530395,0.034474263,0.042971735,0.057071256,0.00794696,0.047959671,0.023198871,0.029092846,0.000889003,0.031248831,0.04452683,0.043173407,0.041457605,0.037616054,0.03750661,0.025018692,0.024133926,0.042056826,0.026071933,0.033057948,0.036943605,0.0220668,0.034872341,NA,0.022943384,0.028027607,0.019130895,0.013735426,0.00842179,0.021711716,NA,0.028578366,0.038103582,0.04926584,0.014757494,0.037336053,0.051853883,0.009038905,0.050897537,0.026988564,0.037338525,0.038068442,0.050402795,0.05639422,0.045465792,0.043585666,0.058115395,0.044823596,0.036429102,0.027733682,0.026135896,0.038018551,0.027499446,NA,0.007951892,0.03245623,0.018565927,0.013983626,0.065711365,0.025309539,NA,0.009875172,0.016614035,0.055098834,0.008171246,0.044825391,0.044439277,0.049758774,0.055163428,0.076628022,0.032151678,0.057739003,0.057115409,0.0693729,0.048182258,0.042158916,0.076933653,0.042358459,0.044652946,0.026286266,0.04478936,0.026697021,0.064334944,0.02569635,0.026722133,0.042157405,0.053433759,0.033229205,0.024274685,0.069705657,0.079263572,0.041579074,0.041476679,0.002574224,0.046334498
Glutamine,0.095344975,0.144295043,0.075470081,0.112777908,0.084860638,0.125304115,0.069329586,0.068322025,0.038042941,0.153437807,0.116254412,0.125607042,0.110991542,0.066955384,0.043579803,0.04307705,0.052680634,0.062169441,0.043634913,0.040280503,0.020113853,0.011542075,0.045536228,0.072696041,0.030501306,0.053193373,0.050904168,NA,0.087096832,0.014649849,0.065272219,0.033644583,0.111585919,0.028608221,0.100135851,0.090294136,0.036097598,0.050123262,0.104532887,0.062082766,0.085702954,0.100835785,0.045778189,0.024942507,0.035692392,0.012681544,0.016959587,0.00863,0.050574394,0.004731778,0.005165834,0.005239922,NA,0.021629888,0.017428385,0.048962795,0.033925808,0.031885142,0.019822487,NA,0.022565494,0.111931059,0.074875985,0.172268378,0.131055204,0.147653297,0.044560758,0.146241708,0.172065514,0.04055946,0.112633596,0.069392458,0.100205824,0.08241953,0.069418231,0.02968311,0.030788571,0.01627622,0.022056009,0.0269716,0.01736502,0.014985535,NA,NA,NA,0.007878149,NA,0.047316925,0.065145663,0.01475498,0.143893209,0.036354389,0.063246771,0.037978238,0.038615539,0.06822548,0.068075693,0.04555835,0.088561437,0.092786271,0.039208084,0.029100036,0.062322933,0.035779227,0.04001271,0.068551799,0.034921167,0.048081784,0.052473769,0.047879698,0.040586219,0.017216216,0.014255271,NA,0.11732859,0.018729748,0.055055106,0.07443145,0.096842655,0.035924647,0.050281095,0.082786524,0.004603409,0.063927166,0.014266884,0.024895923,0.039253458,0.047204376,0.111249153,0.039449881,0.041966511,0.060445645,0.070947427,0.032311783,0.014981559,0.018096151,0.049445986,0.018529482,0.004968582,NA,0.045377455,0.010701675,0.005663432,0.169568732,0.026709117,0.018153304,NA,0.019240329,0.062300228,NA,0.118373284,0.083983501,0.10679173,0.125555361,0.17421825,0.050021195,0.155041903,0.101684809,0.126908551,0.054630349,0.072085556,0.049686772,0.066807827,0.029565116,0.035920938,0.058023472,0.026659794,0.19741588,0.023551192,0.017148096,0.103696035,0.056569885,0.042545204,0.017849658,0.212795704,0.058097909,0.119865299,0.031737885,NA,0.082758256
Putrescine,0.248726006,0.285715516,0.227886903,0.270398337,0.268812166,0.253521688,0.245977949,0.232192528,0.20143373,NA,0.266946107,0.246028389,0.232552326,0.227249454,0.203949138,0.177104234,0.225333345,0.223301434,0.196484593,0.185295102,0.133081552,0.099907555,0.158292184,0.188121349,0.149032209,0.224074956,0.215775018,0.118956254,0.323802202,0.172578446,0.152418682,0.149232231,0.190680775,0.121550189,0.153280308,0.150602123,0.109592971,0.150942008,0.185040327,0.171500729,0.13330101,0.155292121,0.146233029,0.13550445,0.139364831,0.07534143,0.119014702,0.083761686,0.101712504,0.058764671,0.018446527,0.017288731,0.053942606,0.087258077,0.017647953,0.179207266,0.191280027,0.15017082,0.12664822,0.140274424,0.072427535,0.111469585,0.105604733,0.240596874,0.136240424,0.125368077,0.09280069,0.135063958,0.153624655,0.110396291,0.120688497,0.106483012,0.116806337,0.126245113,0.110527286,0.092172988,0.08197768,0.07304826,0.097724377,0.108271409,0.063727873,0.045492384,0.077089884,0.049724046,0.024270238,0.056093564,0.123741932,0.096815728,0.167691281,0.152051881,0.340648378,0.222213556,0.295714919,0.207698137,0.208558969,0.311173883,0.244705327,0.239774102,0.28635172,0.284804117,0.23635585,0.196108311,0.236281026,0.214520362,0.223048319,0.188834817,0.22771388,0.099830514,0.269050573,0.169025996,0.073629622,0.051301998,0.047048698,0.17083999,0.264532304,0.178926139,0.215106774,0.346783311,0.390936696,0.185938877,0.168913176,0.156619355,0.100052846,0.166625464,0.132569474,0.118976135,0.132442315,0.159949121,0.217899041,0.173984725,0.127635669,0.195289707,0.100230839,0.159756502,0.123729685,0.069201151,0.190324101,0.052772221,0.048293941,0.070353963,0.171907119,0.047967899,0.042987996,NA,0.034150072,0.124427458,0.026461179,0.033570736,0.052302417,0.024375552,0.141408352,0.13051756,0.122750704,0.17705712,0.135672831,0.133686863,0.16055585,0.109726064,0.135549168,0.104630522,0.141586205,0.093410585,0.108077418,0.089106216,0.135718509,0.13639398,0.033940305,NA,0.030710986,0.085361956,0.090269594,0.08868262,0.065206096,0.017133127,0.121820251,0.112428892,0.104146501,0.063110272,0.086090626,0.105526756
Glutamate,0.684734692,0.785783123,0.636735749,0.743459525,0.745210977,0.74579744,0.725129417,0.662749084,0.572215139,0.816506593,0.74756987,0.691230096,0.628802949,0.721628769,0.616672982,0.521234583,0.512759675,0.547626077,0.506526924,0.479615803,0.376956818,0.267698828,0.373432119,0.440095581,0.331643277,0.612871289,0.589838333,0.307237689,0.812931115,0.455056447,0.419045209,0.413312348,0.551472398,0.361990181,0.472295481,0.519714163,0.342298526,0.423836407,0.513139296,0.487112456,0.456758086,NA,0.440057061,0.37155441,0.419496526,0.227837879,0.29801688,0.241167573,0.378630913,0.162360393,0.157545955,0.132341754,0.18117856,0.212225064,0.293731419,0.443596137,0.469488873,0.406131984,0.343706122,0.40743414,0.25916278,0.429213895,0.401688193,0.697686186,0.592081839,0.512172507,0.351475527,0.523757922,0.707879123,0.355359889,0.528133988,0.402747523,0.489990295,0.474304561,0.459645777,0.3041104,0.323110691,0.23234863,0.323590175,0.354071883,0.248654157,0.180827878,0.212780166,0.149804587,0.067180404,0.143818363,0.379401429,0.317752281,0.466408228,0.41648521,0.675532876,0.493629839,0.667259364,0.452588913,0.451644804,0.632424809,0.600066603,0.525316014,0.564425797,0.624210167,0.500154188,0.446313241,0.537240422,0.519253418,0.506583678,0.526840909,0.49878329,0.522104745,0.540566561,0.545658767,0.562186586,0.340050031,0.298892359,0.389567385,0.772695049,0.510184342,0.492910932,0.79683131,0.808120463,0.426274998,0.396927229,0.389200388,0.256111913,0.405491295,0.291497837,0.284142489,0.311679511,0.40161813,0.479464307,0.358988672,0.378047688,0.42013084,0.403389609,0.352884041,0.271884464,0.265482757,0.305308627,0.209313634,0.163057047,0.304449181,0.305667839,0.180493257,0.138252767,0.436749144,0.165445058,0.398211411,0.182647636,0.25202623,0.437771496,0.305451277,0.565372049,0.499078474,0.482045425,0.644803299,0.57813522,0.464178958,0.666028717,0.453683552,0.420685488,0.310822097,0.505682911,0.28079634,0.361845357,0.273320548,0.502157327,0.40323149,0.216620142,0.502159642,0.183642461,0.24647993,0.433944875,0.356665473,0.245980431,0.178980115,0.339129991,0.278806537,0.302391817,0.248353737,0.260421537,0.386394619
Hypotaurine,0.023590806,0.026885293,0.020585725,0.026801099,0.024439508,0.023363625,0.026217785,0.02049974,0.016874467,0.029884052,0.02635917,0.024488149,0.019222695,0.017177101,0.018582874,0.019435152,0.018711395,0.022930794,0.022347294,0.018629464,0.016913979,0.0146407,0.015221524,0.020663291,0.015643863,0.023419721,0.024943744,0.011735216,0.038378055,0.013182066,0.019142209,0.017260929,0.027488756,0.017972271,0.023055311,0.026903804,0.018389886,0.020398739,0.02540982,0.02160885,0.02448426,0.020839148,0.021220678,0.019827942,0.018691537,0.013508072,0.017906715,0.013895436,0.019892141,0.011914044,0.012296013,0.014702629,0.008024028,0.015205588,0.018894142,0.025230714,0.024304437,0.024063115,0.021966647,0.02013876,0.017213972,0.030350836,0.027129354,0.031472929,0.037649159,0.030884831,0.020510953,0.034697641,0.03859591,0.023217372,0.036818789,0.027970723,0.037904614,0.033662164,0.028303635,0.027844275,0.025572015,0.022577268,0.026867641,0.028325602,0.022839072,0.018981106,0.020908042,0.017987922,0.008872311,0.01318298,0.038440174,0.025529691,0.043407984,0.031937138,0.035138311,0.018264837,0.026788367,0.015263672,0.018500386,0.024798094,0.029245592,0.024203493,0.03036613,0.029463908,0.020275954,0.01971959,0.024104402,0.019397919,0.02320597,0.023721796,0.020445731,0.02251456,0.027670443,0.024962467,0.021335432,0.020495466,0.015081361,0.015971552,0.022547165,0.014904411,0.020438975,0.042787234,0.040632827,0.020652521,0.025007987,0.025972766,0.009871921,0.025395588,0.016105315,0.017145968,0.017167729,0.026630199,0.037979396,0.025206037,0.025065698,0.028388779,0.029386684,0.021520207,0.016726689,0.015869957,0.019889722,0.014430487,0.010795341,0.018354309,0.018295145,0.013950678,0.012172711,0.026555005,0.012980741,0.008577724,0.011607719,0.015162677,0.033005068,NA,0.010894582,0.02320507,0.024245558,0.02079429,0.021467179,0.021836497,0.017980609,0.019673633,0.023245207,0.018211248,0.018822289,0.026009049,0.020725217,0.014914493,0.011856327,0.019508893,0.015463845,0.024823515,0.01349525,0.01618504,0.037687319,0.020631552,0.018311033,0.017485129,0.021004482,0.023621118,0.013330141,0.027144389,0.007276038,0.019649965
Pyroglutamate,1.254120259,1.606394844,1.129687606,1.411447594,1.218771608,1.61153358,1.493999318,0.963008388,0.665970114,1.385029077,1.379801337,1.2973669,1.508966339,0.991784541,1.057220124,0.584205986,0.645795238,0.676160832,0.851549919,0.638807469,0.773081205,0.828814329,0.491122472,0.608103328,0.392721639,0.660228915,0.760800358,0.324704008,1.316259457,0.272823441,1.284686737,0.823902284,1.602038645,0.944994174,1.953244776,1.674790111,1.549358786,1.049808808,1.584294782,1.194843971,1.526064096,1.743507195,1.141019621,0.814990861,1.06364947,0.5959902,0.544622824,0.511228591,1.172779606,0.486557959,0.442078628,0.56221662,0.164629959,0.487550194,0.380535429,1.073167305,0.754332414,0.601606333,0.474130843,0.716150865,0.795871559,1.983461165,1.413370041,1.807377721,1.815548405,2.283760404,1.157866194,2.212974109,0.013337446,0.954710385,1.558150851,1.212017364,1.306917504,1.535860339,1.494704486,0.783102047,0.888434701,0.642870678,0.638458676,0.779189561,0.715520052,1.247289705,0.971506124,0.319352291,0.07918877,0.299809631,0.912726549,1.416004101,1.389248165,0.374631452,1.797695315,0.936505434,1.005640909,0.868541109,0.903861127,1.133865615,1.419507954,1.042499252,0.984631478,1.377390544,0.701172969,0.751040916,0.913471744,0.760382433,0.947257387,1.123761192,0.807849924,1.062140746,1.241592219,1.096081736,0.936657422,1.3422641,1.030799462,0.482165456,1.405492493,0.349080133,0.827245169,1.121965951,0.98286752,0.672275505,1.204424254,1.632441447,0.361929839,1.297412441,0.68234585,0.829666314,1.210295499,1.370366578,1.644590959,0.909376949,0.967016807,1.012394357,1.43490197,0.963439601,0.721550419,0.739384101,1.341569822,0.638458114,0.32521569,0.990687554,1.199612896,0.91788901,0.660776965,1.342865705,0.661487737,0.377159381,0.299081226,0.942392187,1.540325474,0.465548736,1.855563813,1.525118838,1.516660091,1.807226555,2.486495727,1.228823129,2.119870285,1.846376349,2.542978826,1.561641563,1.149581094,1.16495976,1.588206299,0.899169054,0.851836945,0.95091122,1.418294154,2.405407649,1.258139194,0.787691592,1.990556201,1.373379893,1.756053032,0.5179951,2.48532999,1.813178233,2.027955942,1.003921444,0.456384113,1.53067952
Fructose (1),0.013507205,0.018555739,0.012160906,0.013590575,NA,0.066338783,0.016926992,0.013381221,0.009598583,0.022678857,0.02072853,0.022747734,0.02323775,NA,0.016255067,NA,0.008541202,0.00863818,NA,0.006344546,NA,NA,0.005769021,NA,NA,0.004843193,NA,0.002475733,NA,0.006986156,0.028070326,0.01431984,0.03850921,0.018339556,0.056206318,0.070949759,0.018353288,0.022035003,0.029960963,0.02689595,0.081988697,0.060097104,0.042038963,0.02657816,0.039448535,0.006548253,0.016478489,0.009132564,0.031636712,0.011329826,0.008710288,0.009548035,0.008525886,0.012519659,0.012785262,0.03528246,0.016444861,0.008891665,0.010675062,0.025122684,0.032080245,0.046857189,0.04139588,0.047150137,0.069190667,0.114668256,0.081919121,0.104160019,0.02622763,0.038265648,0.024800581,0.039576024,0.075666893,0.052567078,0.028250271,0.043133392,0.021489469,0.009646105,0.009212567,0.019938721,0.016035287,0.078261268,0.017561835,0.010175121,0.002040197,0.015270635,0.017141855,0.028192262,0.024988429,0.008462023,0.02541114,0.008233227,NA,0.006881841,0.008780838,0.012920359,0.018396835,0.014899646,0.01719862,0.023142873,0.013779011,0.012745854,0.025254298,0.017906811,0.014601791,0.010263329,0.010377817,NA,0.008150179,0.009594831,0.009218061,0.010126789,0.007639148,0.005350232,0.023569401,0.002750645,0.00336358,0.009994001,NA,0.003648492,0.010031733,0.017581203,0.01405056,0.019190904,0.014648736,NA,0.023939175,0.031187293,0.052256805,0.022570834,0.021384152,0.022486411,0.018927227,0.031459953,0.022317175,0.015226225,0.015618375,0.011945089,0.009166721,NA,0.016170267,0.013151353,0.00971477,0.020946719,0.010079427,0.017017597,0.006200832,0.015027043,0.027720233,0.016888747,0.147108438,0.015408346,0.035348399,0.029256324,0.119055654,0.01929948,0.069720122,0.034124785,0.08628344,0.022109198,0.039843505,0.02921014,0.092764437,0.059036945,0.032226594,0.063597249,NA,0.034941511,NA,0.013857665,NA,NA,NA,0.008770035,NA,NA,0.003463564,0.018444893,0.002853338,0.044396548
2-oxoglutarate,0.00427222,0.00476784,0.003525068,0.00535579,0.004061929,0.005094255,0.004953119,0.00334231,0.002318911,0.005170374,0.004620611,0.004397044,0.006033313,0.00374633,0.00309005,0.002052391,0.003337001,0.003255195,NA,0.002633003,0.00282226,0.00338415,0.002344901,0.002551482,0.001967363,0.002986605,0.003406285,0.002373845,0.004662701,0.003981045,0.001811768,0.002831856,0.002825169,0.001341855,0.002843858,NA,0.002254963,0.001805757,0.002870852,0.002615819,0.001879747,NA,0.00158322,0.001139939,0.001641985,0.000542489,0.001029175,0.000502774,0.001105805,0.000826358,0.000487005,0.000773258,NA,NA,0.000794645,0.001423405,0.002746741,0.001345433,NA,0.001800365,0.001490218,0.003889657,NA,0.004116605,0.002241637,0.002785371,0.002105181,NA,0.000850174,0.00213244,0.002497821,NA,0.002200514,0.002489902,0.002252943,0.002314452,0.001540824,0.001321287,0.000764925,0.001274661,NA,0.001720768,0.000293364,0.001509288,NA,0.001120793,0.001424964,0.001830528,0.002064356,0.001283901,0.007300807,0.004567771,0.005384158,0.003586655,0.00424563,0.005426328,0.005862014,0.005109247,0.005581036,0.004749933,0.004346266,0.003183147,0.004585537,0.003794507,0.00480767,0.003872243,0.003768441,0.003931737,0.003493676,0.004860201,0.004148422,0.004751636,0.003715201,0.004107906,0.00390096,0.003920034,0.003652319,0.006406488,0.005449298,0.003975651,0.001533665,0.001789371,NA,0.001793986,0.001416735,0.000987872,0.001527872,0.001691868,NA,0.000933907,0.001180708,0.001028861,0.00152636,NA,0.001157947,0.000725087,NA,0.001095913,NA,0.001017052,0.000851772,0.000740962,0.000798154,0.0014111,0.000824693,0.00108463,0.00036697,0.00093656,0.001388252,0.00099767,0.001395011,0.002152051,0.001389897,0.002039698,0.003531546,0.002369339,0.0017212,0.001541702,0.002510963,NA,0.000837777,0.001223787,0.001945064,0.001045933,0.000584694,0.002040971,0.00068988,0.001813434,0.00055022,0.001437041,0.001472139,0.001574039,0.001917496,0.001700448,0.001573931,0.000944216,0.000822478,0.002180321,0.000741768,0.001562394
Fructose (2),0.012267032,0.019048405,0.009888127,0.014226299,0.008782959,0.031662829,0.011634742,0.009105733,0.006991503,0.122163861,0.011638467,0.010791337,0.011897294,0.009483268,0.009201812,0.006709731,0.007252342,0.007038737,0.007085769,0.007070732,0.00537988,0.007606076,0.011988293,0.00600098,0.005911157,0.008275965,0.009604475,0.004722446,0.012448722,0.006962807,0.006583245,0.006662074,0.009092056,0.005506965,0.017171321,0.009566414,0.006449383,0.006736962,0.007349696,0.007158152,0.012401234,0.008329306,0.005781647,0.005775245,0.006092934,0.002805056,0.003108634,0.003130161,0.003822082,0.002263405,0.002652726,0.00334969,0.001860024,0.002081704,0.003428679,0.314235219,0.005327437,0.003856769,0.002845704,0.004821304,0.00470212,0.006072271,0.011521825,0.02206708,0.015634806,0.019871939,0.0058414,0.020006679,0.001870525,0.003815044,0.005482987,0.004245572,0.005361892,0.005542321,0.007015035,0.003340436,0.002344498,0.003240082,0.001649635,0.001725105,0.002331404,0.006064362,0.159312373,0.003491577,0.000896911,0.001768348,0.003842145,0.003762859,0.003856906,0.004421452,0.015640453,0.006564476,0.008089698,0.008374763,0.005248692,0.010156483,0.009388694,0.009295403,0.013749459,0.012399277,0.00933374,0.006960023,0.009921286,0.007476574,0.008223946,0.006830916,0.006363635,0.006945518,0.007628706,0.00825892,0.006934053,0.008628744,0.006045665,0.007202895,0.013847627,0.005493192,0.00654632,0.012126625,0.009936509,0.007095943,0.007128864,0.005990804,0.003148295,0.005911953,0.004077958,0.004430109,0.005688423,0.007703184,0.009373034,0.005542541,0.005728097,0.005807738,0.00605652,0.005672408,0.004397189,0.00351503,0.008292024,0.002131391,0.002490182,0.003910703,0.003829519,0.002776762,0.003069261,0.0066509,0.00198574,0.005226578,0.002333396,0.002439501,0.00413972,0.003045343,0.00981452,0.003677334,0.003182758,0.003678473,0.007800014,0.00204623,0.004352336,0.003859289,0.009116671,0.004531074,0.002259303,0.004323614,0.00844055,0.007143592,0.001920345,0.003783892,0.004005439,0.005033872,0.003450041,0.001643575,0.004277609,0.005322743,0.005819652,0.002529596,0.003117748,0.005755273,0.002299183,0.002599835,0.001081927,0.004374707
Fructose / Sorbose (1),0.170703622,0.332785079,0.179071988,0.210158287,0.117566218,0.438814649,0.246316994,0.101627458,0.076523436,0.272926054,0.170951126,0.345290596,0.367730121,0.22896222,0.155313933,0.039098275,0.100479798,0.098770426,0.075430757,0.054677617,0.032850663,0.100762529,0.117059131,0.057062622,0.050600309,0.091893083,0.073182977,0.044182427,0.171080123,0.102399656,0.476507047,0.204335699,0.67647841,0.283906474,0.832510345,0.607784255,0.656845803,0.391023961,0.635568082,0.437876924,0.533717664,0.732714716,0.301823184,0.16506662,0.318513999,0.229664242,0.183416566,0.130650371,0.547244559,0.143836659,0.118568571,0.124582637,0.119488906,0.19549795,0.192524348,0.754174174,0.397382736,0.250905958,0.312242563,0.398768046,0.309800715,0.541406797,0.617578402,0.601754577,0.558973319,0.960666247,0.463469247,0.881370858,0.312069226,0.356293564,0.413364221,0.51490953,0.402738216,0.469448627,0.556935041,0.29064342,0.288720803,0.252248971,0.107192361,0.193572966,0.277392973,0.558242951,0.357448015,0.133093119,0.052069338,0.161271761,0.280742343,0.55365781,0.391176275,0.230399167,0.293302175,0.104361272,0.095338596,0.13713962,0.080718567,0.115468363,0.166894555,0.121420019,0.13399276,0.22161025,0.137499429,0.08706126,0.200970714,0.119536835,0.174073919,0.075110275,0.072460439,0.090689463,0.111682692,0.114438622,0.081663255,0.091675023,0.113062406,0.105680759,0.362063862,0.072310152,0.098877679,0.200634238,0.201748213,0.109267374,0.219853697,0.422528804,0.148440219,0.29311783,0.190833951,0.206001711,0.349919725,0.313748885,0.396073227,0.172518472,0.202850067,0.203010433,0.261976415,0.247129363,0.224313628,0.135183885,0.454883601,0.168703981,0.075288219,0.289023713,0.432770184,0.212975016,0.185403964,0.185514724,0.204078482,0.299432214,0.114155479,0.411041685,0.47439011,0.279916196,0.7280896,0.437851618,0.588217504,0.790195964,0.798303338,0.473341132,0.809985267,0.754917422,1.030477881,0.67833836,0.359487205,0.37940441,0.010389808,0.419973673,0.266579891,0.395093099,0.343826358,0.65960366,0.276203492,0.279958587,0.476950731,0.350190249,0.493227397,0.151806101,0.3565537,0.37393979,0.298522442,0.334850754,0.338230836,0.470845182
Fructose /Sorbose (2),0.049385518,0.100925845,0.04985273,0.060393469,0.032396076,0.332274517,0.07367922,0.027706457,0.021446522,0.081300636,0.048156823,0.104668173,0.10346536,0.068212815,0.043470391,0.01034742,0.027809428,0.027527876,0.021656777,0.015017597,0.015324703,0.030905418,0.046760179,0.019822676,0.017241895,0.011843113,0.020675212,0.015949233,0.049782469,0.037498556,0.147738068,0.059819277,0.230733889,0.085608272,0.306455283,0.207341417,0.233655938,0.119824031,0.22315485,0.144507517,0.188395537,0.28361354,0.092446166,0.048581704,0.099017199,0.071900635,0.058155773,0.042730256,0.183512885,0.045077009,0.036066696,0.038457633,0.044194467,0.066397552,0.06869675,0.298336854,0.153754231,0.091095658,0.112432221,0.139330843,0.097402012,0.256084993,0.206995407,0.19608906,0.178586941,0.349305798,0.156121166,0.341877501,0.873660183,0.114981235,0.134416132,0.174799373,0.133317389,0.225910711,0.193426936,0.090602462,0.088238735,0.079393073,0.034326883,0.066351862,0.088591575,0.184222795,0.179791038,0.063678478,0.017794546,0.053427544,0.083511328,0.170108106,0.153689221,0.083287933,0.086905463,0.028951477,0.027100976,0.105114706,0.021963203,0.033075072,0.047184608,0.033306522,0.037518345,0.062102829,0.03882754,0.023277268,0.056342847,0.031977405,0.049753322,0.020766936,0.019671175,0.02455118,0.029449747,0.034117938,0.025393807,0.027663063,0.03391866,0.041758099,0.131662908,0.023931003,0.031286782,0.072876275,0.08304366,0.034750188,0.067942879,0.101067611,0.043444013,0.087933914,0.057447528,0.061558286,0.10467497,0.094805551,0.117776163,0.051162543,0.060070197,0.058361402,0.123328937,0.075500841,0.068687644,0.037715195,0.150736826,0.04953992,0.024636825,0.095015209,0.135889267,0.066007639,0.055851436,0.08298042,0.07130833,0.09815655,0.038644366,0.141565506,0.191612202,0.096925458,0.247115035,0.14186874,0.204337709,0.271760632,0.398660289,0.155521905,0.280458557,0.28354455,0.408340438,0.229360926,0.115017527,0.12146574,0.26418318,0.139000522,0.083705986,0.129245732,0.098116229,0.214636639,0.086416137,0.091881847,0.141858985,0.097045851,0.152026414,0.062405787,0.137177453,0.1211896,0.091846718,0.114466027,0.107944527,0.172089644
Glycerol-3-phosphate,0.002689174,NA,0.002235312,0.002911773,NA,0.003361532,NA,NA,NA,0.000226391,0.00323881,NA,0.003558993,0.003879952,0.002141417,0.004164793,0.004051519,0.004215955,0.004054686,0.003277714,0.003678084,0.003708684,NA,0.00366049,NA,0.003702881,0.004176625,0.0029502,NA,NA,NA,0.003451395,NA,0.007684256,NA,0.000368919,0.005381797,0.004394444,0.006069983,NA,NA,0.000315378,NA,0.006711505,0.005732916,0.00588748,0.007429951,0.006245402,0.008506516,0.006656535,0.005730777,0.005925151,NA,0.005584322,0.010028913,NA,0.010286814,0.010578842,0.010250775,0.00995685,0.019539198,0.028277857,0.033054668,NA,0.034396707,0.032827839,0.022133788,0.037484104,NA,0.023100003,0.033870414,0.022386965,0.031210583,NA,NA,0.00996544,0.011609751,0.008940639,0.012171133,0.010301929,0.008168352,NA,NA,0.009891209,0.005326111,0.005422004,0.013977506,NA,0.015945472,0.012155405,0.000532636,NA,0.002639689,NA,0.002174456,0.002630327,0.003399967,NA,0.002861865,0.000514531,NA,0.002292677,0.002492281,0.002124256,0.002322331,0.003819277,0.00399932,0.00270552,0.002768025,NA,0.003235485,0.00344939,0.003024261,NA,NA,0.003971484,NA,NA,0.003862567,NA,0.006525849,NA,NA,0.007293023,0.004941597,0.000188612,0.006190146,NA,NA,0.005707632,0.006417922,0.006828829,0.008322155,NA,0.005172215,0.006483627,NA,0.005988921,NA,0.008544713,NA,0.006335297,0.006526296,0.013870834,0.004020726,NA,0.005278047,NA,0.009513657,NA,0.018970675,0.018142529,0.017089479,NA,0.018097447,0.013763011,NA,0.017616626,0.02645809,0.015476328,NA,0.020398413,0.024488128,0.017574979,0.01281617,0.012151393,NA,0.015949526,0.007489079,0.008515848,NA,NA,NA,0.005770656,0.011675454,0.00995742,0.006744415,0.005220631,NA,0.014493633
Allose/Mannose/Galactose /Glucose (1),0.171399316,0.335206906,0.221470528,0.223850104,0.119850878,0.459424284,0.253036046,0.147714785,0.081361169,0.294462801,0.262291231,0.364427755,0.500513132,0.232862284,0.191773175,0.004867772,0.028905155,0.019821758,0.013281618,0.011152514,0.009440314,0.034931858,0.011119833,0.016172803,0.012688654,0.022458476,0.020862899,0.009289436,0.028103733,0.007142798,0.378945797,0.256159522,0.379948581,0.19871677,0.451997242,0.357796791,0.383062102,0.348185218,0.450759478,0.375695397,0.233456893,0.518167801,0.240937676,0.122606485,0.263505058,0.053419567,0.008902459,0.014139541,0.268619243,0.008606455,0.003508615,0.008052332,0.008306386,0.035063555,0.014061689,0.242151751,0.094670409,0.04104234,0.012822833,0.130875572,0.275548314,0.354163149,0.462513525,0.567411244,0.446590143,0.580877086,0.24410677,0.569468446,NA,0.192604527,0.284247866,0.346524663,0.138330105,0.363626138,0.138070356,0.105778773,0.071545298,0.071344285,0.013167894,0.03869337,0.080013803,0.32914862,0.23920474,0.039115587,0.011581897,0.052266321,0.052468034,0.074372047,0.187429682,0.021277215,0.213995972,0.044255645,0.041016022,0.162055982,0.0338881,0.065179783,0.080822983,0.075967925,0.086333075,0.041562355,0.082677894,0.036121525,0.123565272,0.056879639,0.103196092,0.007533177,0.007018475,0.009278222,0.021531058,0.01636005,0.010674131,0.015464063,0.015940713,0.009236088,0.156464964,0.008770847,0.008872482,0.020934562,0.026585066,0.012675495,0.061954932,0.163733115,0.070884007,0.101212012,0.074664172,0.124881999,0.335593393,0.189456045,0.140847042,0.057314904,0.06315058,0.050402943,0.122252585,0.079338194,0.070636819,0.007786681,0.035903857,0.007283389,0.003993906,0.081164581,0.044731324,0.023949856,0.005843808,0.043488688,0.00684573,0.096972469,0.003344724,0.098921417,0.055554653,0.060374085,0.355086773,0.180384178,0.183236514,0.248275158,0.181184123,0.080099536,0.246707198,0.445375693,0.639544609,0.483612357,0.044624611,0.033848306,0.487010376,0.424473463,0.038164245,0.142944825,0.021532466,0.204399177,0.016506988,0.04762483,0.013752018,0.103811629,0.186831327,0.013173881,0.017645006,0.029400955,0.011801103,0.019298466,0.006662816,0.169207332
Allose/Mannose/Galactose /Glucose (2),0.089215655,0.140295135,0.107219871,0.078298813,0.052962804,0.267972407,0.090696761,0.089952572,0.065508756,0.144030052,0.177484687,0.194275434,0.31860344,0.13029755,0.108667977,0.005788143,0.020269196,0.012393556,0.005326847,0.011910071,0.005367279,0.012158066,0.027825945,0.006924375,0.005404312,0.008394851,0.003260972,0.00162677,0.009802303,0.01127176,0.185664379,0.109403183,0.152858937,0.084904176,0.208803967,0.201521254,0.101884863,0.155314422,0.175621611,0.156217737,0.50541815,0.280016854,0.14290711,0.09157863,0.166617348,0.015095716,0.005621768,0.003826089,0.117778017,0.003784905,0.002131721,0.004528699,0.003480334,0.00809266,0.003265342,0.047423303,0.017443479,0.006489033,0.001541118,0.028654561,0.125325177,0.103697981,0.186460434,0.307315825,0.088165079,0.29878106,0.116857472,0.287446074,NA,0.083460756,0.083640822,0.158816371,0.079925483,0.19110817,0.146929303,0.051592446,0.022666296,0.019715849,0.006993521,0.013570206,0.032217944,0.22479959,0.054500791,0.012453716,0.002709577,0.014263542,0.014491381,0.063567388,0.038007822,0.005055422,0.097715493,0.018676834,0.020335042,0.055211933,0.019294626,0.039046332,0.034705666,0.038760589,0.048780952,0.127691006,0.048166171,0.02862196,0.076685272,0.045277826,0.049014137,0.007146237,0.006558931,0.006677659,0.013083163,0.007255649,0.008166262,0.005653971,0.007596446,0.004697681,0.056506857,0.003124736,0.002682287,0.00398334,0.008764935,0.003705575,0.014867224,0.042452639,0.032189241,0.037182203,0.024388259,0.036702853,0.152373165,0.082939559,0.075831503,0.031635325,0.032917581,0.001406624,0.035502231,0.040395947,0.036201067,0.003214791,0.008979874,0.003535937,0.003029394,0.023236288,0.01307706,0.037531142,0.002045383,0.021425132,0.001199044,0.022142026,0.000680898,0.015554075,0.006820911,0.01112214,0.269408107,0.032373762,0.049351081,0.061174738,0.055901799,0.009848938,0.071053117,0.144291728,0.335190725,0.200511531,0.019251702,0.07234589,0.129505495,0.283225908,0.01596212,0.066494497,0.004064942,0.068880986,0.002419289,0.0113918,0.001748583,0.014957853,0.033699922,0.003896876,0.002260652,0.002211991,0.001329002,0.003404894,0.002665182,0.067890452
Citrate,0.054439177,0.070939369,0.048488535,0.055906036,0.050901354,0.064031135,0.066362522,0.042998523,0.035532549,0.065751145,0.055386455,0.062804013,0.055115857,0.058637254,0.049586131,0.05461501,0.05216501,0.065644027,0.062669589,0.066748112,0.049259684,0.070271401,0.04531036,0.053685204,0.044198151,0.066224215,0.073005588,0.045891988,0.094246221,0.058668321,0.034431503,0.029927055,0.049039931,0.024905125,0.05387145,0.047506091,0.038706079,0.029731883,0.043634286,0.036390223,0.042795076,0.050132799,0.03060034,0.02527335,0.029541306,0.020538249,0.020980305,0.060588141,0.030427794,0.018189196,0.016647763,0.021406554,0.020461766,0.01789848,0.023214642,0.038174926,0.031757494,0.025103024,0.028610995,0.032934597,0.010272327,0.026181831,0.018317768,0.057140959,0.018594823,0.030992744,0.01600129,NA,NA,0.011966615,0.012730346,0.015305391,0.015427117,0.01970299,0.017606911,0.013728797,0.01162449,0.011553843,0.006859424,0.009833473,0.009613542,0.001310935,0.011951853,0.00906192,0.002889633,0.007509081,0.012108067,0.015131586,0.012266043,0.01122408,0.070823334,0.038515219,0.048118585,0.035794013,0.03413938,0.0457021,0.054291959,0.048932129,0.045978971,0.059879565,0.040675922,0.033766448,0.047522887,0.041585088,0.044207326,0.06760516,0.060704224,0.063269712,0.06357595,0.070696064,0.066953562,0.068218719,0.056198597,0.065013552,0.048482162,0.053017058,0.05556483,0.092326254,0.093851747,0.055846825,0.033488966,0.032936118,0.013709333,0.031561325,0.02162996,0.022153861,0.029893212,0.034215919,0.047341834,0.027993855,0.029318253,0.036742878,0.039311309,0.029933151,0.022552686,0.021557872,0.0302421,0.018944996,0.01630093,0.023807161,0.029142802,0.022852731,0.020511324,0.051471651,0.018046123,0.031816618,0.015069731,0.023756947,0.036859391,0.025348521,0.021579016,0.012891908,0.015957186,0.022257086,0.02987708,0.013324322,0.023423276,0.018734525,0.032631436,0.017229141,0.013243239,0.011101013,0.021652191,0.013186463,0.009684891,0.012676881,0.010758125,0.029539749,0.010489317,0.008133871,0.017101573,0.013722115,0.021357345,0.008962246,0.013020849,0.010444669,0.010032107,0.013373715,0.009303747,0.016058244
Lysine,0.002056369,0.004517767,0.001923093,0.002599322,NA,0.00648711,NA,0.00137491,NA,0.003603799,0.003104274,0.005632439,0.007500972,NA,NA,NA,NA,NA,NA,0.000993001,NA,NA,NA,NA,NA,NA,NA,NA,NA,NA,0.011922064,NA,0.013415195,0.003652893,0.016377493,0.009297558,0.005715748,0.006832807,0.016749134,0.007482363,0.01473044,0.016049747,0.004951618,NA,0.003694579,0.000298223,NA,NA,0.011122591,0.000450246,NA,NA,NA,NA,NA,NA,0.001055481,NA,NA,NA,0.007499035,0.028192796,0.021096597,0.015572404,0.018990988,0.03905177,0.012398042,0.039508112,NA,0.010207012,0.013331224,0.016769983,0.01524131,0.013244641,0.011199074,0.006154584,0.004491762,0.002582589,NA,NA,0.003471629,0.007188759,NA,NA,NA,NA,NA,NA,NA,NA,0.003860455,NA,0.001808419,0.001341431,NA,0.002286681,0.002526668,NA,0.002643998,0.003642156,NA,NA,NA,NA,NA,NA,NA,NA,0.00089693,0.001264581,NA,NA,NA,NA,NA,NA,NA,NA,NA,NA,0.003614646,0.009282536,NA,0.006562536,NA,0.003443042,0.00639245,0.005552203,0.012081188,0.004248764,0.005009239,0.005905894,0.00800534,0.003972504,0.001423096,NA,0.010449232,0.002174742,NA,0.004265282,0.009678631,NA,NA,0.00291594,NA,NA,NA,NA,NA,NA,0.036911661,0.009805009,0.020486204,0.020423099,0.042656788,0.007685098,0.027329768,0.020027114,0.042403258,0.022641755,NA,0.013970385,0.015992692,0.012017882,0.003609846,0.011122976,0.008074801,0.040316143,0.008148461,0.003920494,0.017431811,0.01062984,0.012449795,NA,0.00828462,0.002819092,0.006835296,0.000956233,NA,0.016421158
Allose/Mannose/Galactose /Glucose (3),0.125574489,0.191507029,0.146226306,0.10237081,0.081742025,0.423587927,0.124575256,0.141784533,0.101411474,0.205330625,0.25987029,0.259128257,0.447771662,0.192229013,0.164596852,0.005802548,0.028774592,0.016401306,0.010792218,0.017444363,0.007512663,0.016192947,0.031373734,0.008100889,0.006380498,0.010160699,0.007389393,0.002481011,0.010217621,0.014843979,0.235534403,0.144883805,0.20470497,0.116689222,0.316482771,0.287815037,0.114111668,0.19476686,0.21456774,0.205669116,0.854384082,0.385909225,0.207729917,0.141301396,0.242802276,0.01870084,0.009300658,0.00512993,0.168131952,0.005732662,0.003068181,0.007012523,0.005421409,0.009022312,0.005093689,0.057936946,0.020866601,0.00827939,0.001930951,0.034337197,0.171389309,0.134453667,0.2543138,0.477175233,0.355331924,0.476466171,0.168058428,0.43631229,NA,0.120812561,0.111473683,0.21491004,0.132999245,0.278931496,0.181550542,0.08139029,0.037360222,0.033345873,0.011345319,0.022382894,0.047240721,0.337865611,0.06648654,0.019285637,0.003982295,0.022614146,0.02198613,0.081035329,0.051721102,0.005851587,0.125608036,0.024510934,0.028871207,0.065419196,0.026504245,0.058896586,0.048480385,0.056557772,0.073167004,0.186209289,0.068323397,0.040721699,0.118050293,0.065299861,0.067856954,0.010125037,0.006355896,0.008402534,0.016691709,0.007847467,0.010137688,0.01440677,0.011131914,0.00530405,0.070117429,0.003612364,0.002789324,0.00477598,0.011101548,0.003560226,0.018639748,0.048613572,0.045313511,0.051305196,0.033622286,0.04454742,0.196325715,0.119037752,0.104621216,0.047286595,0.041611174,0.043699291,0.044346222,0.058848024,0.050532548,0.005624322,0.01092204,0.005087245,0.00372609,0.03209832,0.017272722,0.016083114,0.003294624,0.02824122,0.001902702,0.025683832,0.000967201,0.015661231,0.007624166,0.014186743,0.413234477,0.044194323,0.070001909,0.088732533,0.085296609,0.01365508,0.102227684,0.180060456,0.522793621,0.251512038,0.031400776,0.104879049,0.418110384,0.423723605,0.025826639,0.114611677,0.003013679,0.059312599,0.002616108,0.018659708,0.008378305,0.010935919,0.028196912,0.005481905,0.002289473,0.002329064,0.001213416,0.005283489,0.000903763,0.1047888
Scyllo /Myo-inositol,0.164973434,0.20484277,0.150875073,0.174933344,0.151255202,0.232739889,0.21332349,0.142429726,0.116921663,0.206424104,0.189436242,0.213263465,0.204203988,0.180711169,0.158487576,0.12769105,0.118397792,0.141273334,0.14218074,0.13252121,0.134019071,0.151261929,0.121525179,0.124285242,0.109111536,0.141883014,0.152566915,0.110176956,0.16538541,0.118709113,0.204552685,0.147641151,0.252931985,0.180539467,0.29241117,0.258820588,0.246764711,0.186593327,0.241111973,0.204027319,0.23857361,0.264188258,0.19209354,0.147870254,0.191847797,0.142917344,0.146027029,0.128087347,0.232740834,0.1347583,0.118043521,0.128521101,0.111212975,0.127975603,0.122298106,0.23684007,0.190027778,0.178453676,0.174575237,0.18348656,0.157089537,0.259418967,0.244375288,0.261503968,0.309956022,0.33689004,0.22724561,0.299660913,NA,0.191948672,0.270976299,0.214512686,0.23108482,0.27073447,0.254971317,0.160829927,0.158299864,0.143980055,0.145890493,0.172014857,0.149613555,0.227787339,0.187243173,0.114559381,0.062211726,0.114900647,0.162983548,0.190525466,0.277640437,0.157073447,0.249022676,0.154729646,0.185086411,0.156020242,0.140026105,0.188662405,0.219146218,0.189096698,0.181472396,0.219667138,0.151174933,0.143198055,0.1842552,0.15773885,0.182134513,0.154906378,0.148319345,0.155160013,0.16862656,0.190978942,0.190648884,0.193719107,0.178509752,0.167523818,0.293532033,0.138482846,0.164702737,0.172127375,0.203840876,0.169000604,0.199037651,0.217705085,0.120100424,0.21188233,0.148517942,0.172500239,0.205388642,0.226318642,0.25009102,0.172445574,0.18137048,0.209044153,0.235365651,0.191625824,0.163057666,0.122446591,0.216681304,0.137264094,0.104979475,0.176958269,0.212176999,0.169744112,0.156336766,0.237245547,0.146059465,0.184999295,0.107258501,0.190259566,0.178595217,0.182229882,0.330867557,0.279512405,0.272261933,0.337422865,0.369427327,0.263660079,0.355118563,0.303852993,0.324408962,0.241443145,0.255987185,0.198668927,0.274663676,0.204007003,0.000188757,0.213414997,0.177713914,0.333139278,0.188817428,0.170931616,0.274938728,0.234263705,0.273978003,0.113916645,0.265776873,0.191891399,0.226608677,0.141427756,0.241745249,0.243450195
Tyrosine,0.007468853,0.011534073,0.001913835,0.007062159,0.006136471,0.011050754,0.001601169,0.001866757,NA,0.012989406,0.008980542,0.011409251,0.010643035,0.006023923,NA,0.002228542,NA,0.00480266,0.00407072,0.002331615,NA,NA,NA,NA,NA,NA,NA,NA,NA,NA,0.014997922,0.001909876,0.019035901,NA,0.019215086,0.015937008,0.009686914,0.009978367,0.020140681,0.009673203,0.017926573,0.017834664,0.007749615,NA,0.007533004,NA,0.001302207,NA,0.01355725,0.001147312,NA,0.000728859,NA,NA,NA,NA,NA,NA,NA,NA,0.009068082,0.028330216,0.021675756,0.022340434,0.026250666,0.043218286,NA,0.041202258,NA,0.012632975,0.017759526,0.016197225,0.021435313,0.019203993,0.014992081,0.009711405,0.006768763,0.005726181,0.004661492,0.006474117,0.005296345,0.008999519,0.022342867,NA,NA,NA,NA,NA,NA,NA,0.012233205,0.001386113,0.003556262,0.001485218,0.002142457,0.004726634,0.001861582,0.004629236,0.008721337,NA,0.004435371,NA,0.007148932,0.001315657,NA,0.008426885,NA,0.004829983,0.001893908,0.002279962,NA,NA,NA,NA,NA,NA,NA,NA,NA,NA,0.009869269,0.016277787,NA,0.004632382,0.001115889,0.00968366,0.011210498,0.011553689,0.016779982,0.003096489,0.009945577,NA,0.014804396,0.002280622,0.001302782,0.004175536,0.014496831,0.005208094,NA,0.007845953,0.012031987,0.003877201,0.002252735,0.098712061,0.013357278,NA,NA,NA,NA,NA,0.026182129,0.015057037,0.020716862,0.004724286,0.04012857,0.010446637,0.032770829,NA,0.045897153,NA,0.01741343,0.016408476,0.021475443,NA,0.009006408,0.013804104,0.009259363,0.039084275,0.010441773,0.006011734,0.021969393,0.014779926,0.015954888,NA,0.119887337,0.025074285,0.064430209,NA,NA,0.026127154
Tyramine/ Tyrosine,0.013326296,0.020561748,0.012368852,0.016330224,0.01371586,0.032717963,0.025042007,0.014862149,0.012388977,0.022268238,0.020349025,0.023993344,0.022036302,0.018759824,0.012927554,0.017869257,0.015471481,0.015485522,0.018243489,0.01283685,0.012870833,0.015875575,0.010593738,0.010075364,0.009530154,0.012426814,0.013078277,0.009198677,0.01405781,0.009999368,0.024223491,0.013161011,0.039931182,0.021300655,0.054473372,0.045882552,0.034328356,0.022517005,0.036671025,0.030027072,0.041009193,0.045648777,0.027637658,NA,0.02432627,0.014806489,0.013557362,0.013250071,0.032449774,0.011150026,0.007936704,0.009490001,0.016189786,0.01149523,0.007132186,0.02897696,0.023282843,0.024579957,0.026225285,0.034851117,0.019531691,0.049231023,0.042156272,0.038761827,0.054322161,0.082110194,0.04259625,0.077651259,NA,0.029722256,0.037256092,0.034814458,0.045465341,0.050177877,0.042429043,0.016875723,0.016682743,0.012264195,0.008744381,0.013153301,0.011771482,0.035712155,0.02071195,0.013308867,0.000559072,0.010742287,0.011574455,0.019500531,0.037876335,0.017386458,0.02979999,0.011882079,0.017338433,0.012227771,0.009110382,0.020648543,0.024308888,0.01541108,0.020167104,0.027805546,0.012367904,0.009408562,0.015658111,0.014397735,0.013184885,0.011191567,0.00991041,0.012633278,0.013456707,0.016498064,0.017137615,0.015668108,0.014751781,0.015891928,0.032494894,0.011531893,0.0086887,0.016439151,0.024288418,0.010230619,0.023597506,0.025713519,0.016145049,0.027774387,0.014222488,0.01689213,0.025882724,0.028359508,0.04660081,0.021439364,0.021713701,0.030759586,0.036270796,0.026444809,0.018146142,0.01073178,0.033806332,0.01252608,0.006412069,0.019655924,0.026217606,0.016040385,0.014907328,0.053536237,0.012571206,0.02378852,0.008337935,0.011271406,0.016044304,0.032161063,0.0789621,0.034610693,0.04469964,0.068716605,0.097842508,0.042735015,0.089734801,0.062117961,0.084345599,0.043400769,0.032105875,0.029542866,0.0637329,0.033599727,0.036799747,0.036187999,0.023834941,0.06659669,0.022381774,0.015829965,0.043327846,0.029008971,0.043497752,0.015486187,0.041261925,0.024234634,0.020829367,0.01601345,0.031525525,0.043895305
Hexadecanoic acid,0.011896552,0.012629278,0.010738054,0.01388093,0.011848545,0.014479268,0.012636735,0.011040674,0.010120723,0.012172118,0.012816772,0.010915264,0.011285577,0.03647941,0.010225904,0.013018182,0.011492893,0.011305267,0.012859681,0.014372826,0.013208567,0.010980626,0.009009106,0.009298116,0.007261128,0.017209885,0.013089882,0.012709144,0.01313145,0.012314649,0.011104704,0.012847437,0.01334276,0.009859205,0.014989569,0.012175448,0.013297277,0.011953406,0.011460803,0.012855912,0.011048589,0.009771183,0.012387321,0.010808206,0.010222673,0.011744812,0.012151909,0.012853843,0.011788366,0.011680988,0.008776637,0.010399455,0.015299067,0.0084412,0.008485129,0.010193617,0.008884251,0.013438422,0.011985818,0.014952638,0.019658481,0.014677477,0.015965304,0.013632334,0.018589114,0.016588149,0.011926426,0.017074742,0.001642947,0.015656668,0.010412701,0.011395492,0.013139439,0.015955009,0.01379315,0.014012578,0.014602182,0.016018296,0.014101272,0.014342427,0.011459957,0.01216157,0.01284196,0.013276166,0.007742223,0.01190265,0.01435059,0.011674329,0.011544898,0.016661239,0.020200446,0.012009505,0.017772147,0.013745978,0.012140778,0.010010633,0.015244656,0.011027406,0.011718816,0.015227497,0.012440506,0.010528701,0.010628134,0.010695715,0.010176973,0.014059173,0.013644302,0.018214197,0.013968137,0.011987502,0.017332708,0.012027797,0.009210029,0.010589926,0.013564357,0.012205447,0.009423157,0.014563458,0.01368489,0.010372826,0.014649398,0.010834746,0.008393355,0.011219362,0.011889781,0.01052871,0.009990531,0.014005362,0.0132207,0.017066548,0.010985107,0.010887785,0.014685641,0.010666053,0.01067924,0.012978072,0.017013824,0.011800783,0.011049603,0.012906884,0.010876884,0.010133147,0.012543714,0.020668761,0.008244877,0.021723118,0.008999118,0.012085053,0.008455721,0.00957242,0.020392618,0.015875695,0.015736014,0.014964702,0.016862254,0.014031669,0.015482712,0.014141168,0.017476108,0.014213609,0.010945405,0.0111811,0.014127397,0.012839851,0.01484302,0.017803915,0.015483963,0.0148922,0.013394486,0.013161754,0.015701757,0.014757887,0.013603762,0.011141587,0.010741714,0.015618989,0.010206834,0.013798508,0.008778849,0.014213777
Octadecenoic acid,0.106753096,0.116599852,0.101815586,0.132628507,0.113589205,0.137096997,0.118627574,0.101463153,0.082849507,0.108062162,0.124340644,0.107982942,0.105587157,0.236954326,0.092682382,0.110446262,0.095128229,0.098768598,0.121080623,0.090849418,0.117010714,0.122300484,0.07951644,0.063417186,0.067338442,0.119765637,0.092725884,0.122757491,0.105269663,NA,0.119670826,0.137951734,0.117272405,0.101315759,0.117433696,0.103940724,0.119841737,0.108566565,0.110774982,0.107144336,0.107224531,0.083928801,0.110597388,0.09669164,0.095935268,0.098401326,0.105648464,0.113194825,0.120213053,0.124680067,0.094432039,0.104222675,0.161035137,0.075016692,0.059982253,0.070099095,0.06424185,0.137689135,0.154060039,0.242151062,0.145811056,0.1392099,0.162075146,0.105415185,0.12436637,0.162323969,0.109616867,0.146032065,0.002136048,0.099405564,0.102155996,0.096922846,0.114616187,0.133239809,0.117299444,0.126916112,0.135778908,0.112724853,0.12417634,0.126205035,0.111965583,0.127611116,0.123834466,0.143932666,0.076836366,0.084001838,0.089111823,0.115046607,0.103136066,0.121011231,0.138248431,0.116243287,0.1941018,0.089925608,0.111063389,0.102808892,0.148786956,0.106514953,0.091860912,0.114518023,0.10856137,0.102086085,0.099793242,0.09940803,0.085897939,0.096112593,0.132821122,0.123602786,0.124219214,0.120128545,0.115065972,0.131780613,0.0837426,0.092150519,0.131677742,0.105402727,0.076340639,0.116630457,0.100784371,0.100226157,0.140628271,0.111856434,0.089880381,0.100420206,0.118810238,0.093425461,0.091207321,0.126056292,0.107444476,0.095223506,0.097869334,0.101841903,0.125268859,0.090767663,0.094258895,0.127411199,0.113672593,0.093026438,0.074341355,0.106818989,0.104565753,0.107076265,0.09807209,0.153936904,0.076107375,0.14333964,0.063383561,0.090556909,0.042665037,0.103433231,0.209171249,0.153736482,0.132526518,0.127434424,0.149459505,0.140042355,0.141833821,0.130965713,0.156118572,0.119245695,0.094907479,0.102956015,0.130732115,0.128049313,0.099421131,0.165590499,0.108171931,0.127284662,0.122607279,0.110752149,0.13807043,0.137766861,0.122160896,0.092526048,0.095788165,0.099763766,0.0677805,0.104785786,0.125704222,0.12535702
